Date,Value,country
2016-12-31,55670.924142592,AUS
2015-12-31,54941.911457523,AUS
2014-12-31,54394.334265508,AUS
2013-12-31,53798.358506232,AUS
2012-12-31,53348.388968866,AUS
2011-12-31,52372.154537531,AUS
2010-12-31,51874.080481996,AUS
2009-12-31,51651.223257558,AUS
2008-12-31,51788.440148049,AUS
2007-12-31,50952.467037889,AUS
2006-12-31,49418.686319594,AUS
2005-12-31,48702.734693348,AUS
2004-12-31,47817.8992322,AUS
2003-12-31,46449.845186615,AUS
2002-12-31,45626.622031273,AUS
2001-12-31,44473.408607883,AUS
2000-12-31,44223.591236736,AUS
1999-12-31,43087.44671899,AUS
1998-12-31,41504.495897645,AUS
1997-12-31,40156.335249574,AUS
1996-12-31,39065.924382787,AUS
1995-12-31,38078.903947085,AUS
1994-12-31,37098.798777571,AUS
1993-12-31,36033.635884343,AUS
1992-12-31,34967.51772402,AUS
1991-12-31,35240.582540066,AUS
1990-12-31,35827.096719642,AUS
1989-12-31,35121.212687505,AUS
1988-12-31,34386.253357352,AUS
1987-12-31,33044.57541664,AUS
1986-12-31,32707.672196277,AUS
1985-12-31,31938.616201793,AUS
1984-12-31,30763.445855031,AUS
1983-12-31,29736.698627812,AUS
1982-12-31,30797.996390425,AUS
1981-12-31,30309.760969728,AUS
1980-12-31,29794.538462803,AUS
1979-12-31,29266.600655715,AUS
1978-12-31,28431.414837911,AUS
1977-12-31,28507.901911167,AUS
1976-12-31,27827.001236049,AUS
1975-12-31,27397.556872672,AUS
1974-12-31,27372.123905857,AUS
1973-12-31,26968.959941845,AUS
1972-12-31,26690.66003826,AUS
1971-12-31,26162.394444951,AUS
1970-12-31,26020.207944899,AUS
1969-12-31,24763.082889953,AUS
1968-12-31,23621.379460868,AUS
1967-12-31,22876.9934362,AUS
1966-12-31,21794.992581913,AUS
1965-12-31,21783.248676864,AUS
1964-12-31,20961.185903746,AUS
1963-12-31,19982.690530149,AUS
1962-12-31,19178.09101003,AUS
1961-12-31,19394.616172823,AUS
1960-12-31,19306.552974937,AUS
2016-12-31,10826.27143483,BRA
2015-12-31,11322.146680437,BRA
2014-12-31,11866.388922425,BRA
2013-12-31,11912.146755749,BRA
2012-12-31,11671.182942714,BRA
2011-12-31,11559.212271443,BRA
2010-12-31,11224.154082935,BRA
2009-12-31,10540.108766686,BRA
2008-12-31,10658.225307719,BRA
2007-12-31,10245.23081298,BRA
2006-12-31,9761.8764015773,BRA
2005-12-31,9495.1049391301,BRA
2004-12-31,9309.0081951399,BRA
2003-12-31,8910.8556241427,BRA
2002-12-31,8924.3335279813,BRA
2001-12-31,8776.8637193639,BRA
2000-12-31,8778.1881408168,BRA
1999-12-31,8554.834439096,BRA
1998-12-31,8644.4208430246,BRA
1997-12-31,8750.2740576768,BRA
1996-12-31,8598.0149587982,BRA
1995-12-31,8547.9411597069,BRA
1994-12-31,8319.2090238292,BRA
1993-12-31,8027.1893843072,BRA
1992-12-31,7796.8418308987,BRA
1991-12-31,7966.7964675878,BRA
1990-12-31,7986.045872969,BRA
1989-12-31,8391.1922921274,BRA
1988-12-31,8276.5425217279,BRA
1987-12-31,8445.0369946226,BRA
1986-12-31,8314.8789207439,BRA
1985-12-31,7860.0155781109,BRA
1984-12-31,7439.1108105555,BRA
1983-12-31,7225.5383585239,BRA
1982-12-31,7653.5595618564,BRA
1981-12-31,7788.3335462158,BRA
1980-12-31,8339.2691185217,BRA
1979-12-31,7824.8643561318,BRA
1978-12-31,7504.2960198983,BRA
1977-12-31,7443.8986450284,BRA
1976-12-31,7287.5190951197,BRA
1975-12-31,6798.0967138047,BRA
1974-12-31,6617.8835895209,BRA
1973-12-31,6216.1308159222,BRA
1972-12-31,5586.6838237326,BRA
1971-12-31,5108.945626362,BRA
1970-12-31,4706.126392515,BRA
1969-12-31,4438.0277246832,BRA
1968-12-31,4150.4852673189,BRA
1967-12-31,3824.7543132096,BRA
1966-12-31,3745.5225293671,BRA
1965-12-31,3697.0390118557,BRA
1964-12-31,3690.4486855318,BRA
1963-12-31,3670.8262974644,BRA
1962-12-31,3747.3862627079,BRA
1961-12-31,3668.0244852352,BRA
1960-12-31,3424.9970894149,BRA
2016-12-31,41954.737516953,GBR
2015-12-31,41536.919115036,GBR
2014-12-31,40908.745855067,GBR
2013-12-31,39996.501901986,GBR
2012-12-31,39455.412136103,GBR
2011-12-31,39150.756018511,GBR
2010-12-31,38893.018493736,GBR
2009-12-31,38545.915816423,GBR
2008-12-31,40536.134857443,GBR
2007-12-31,41050.405926485,GBR
2006-12-31,40418.747304743,GBR
2005-12-31,39740.902921319,GBR
2004-12-31,38813.021693673,GBR
2003-12-31,38132.841085908,GBR
2002-12-31,37077.648354894,GBR
2001-12-31,36341.709750485,GBR
2000-12-31,35576.766847364,GBR
1999-12-31,34442.107094585,GBR
1998-12-31,33480.166013405,GBR
1997-12-31,32556.316695433,GBR
1996-12-31,31373.341189704,GBR
1995-12-31,30674.605546525,GBR
1994-12-31,30014.581398898,GBR
1993-12-31,28967.155045356,GBR
1992-12-31,28321.034526206,GBR
1991-12-31,28291.921960378,GBR
1990-12-31,28691.292874506,GBR
1989-12-31,28568.126538805,GBR
1988-12-31,27925.081236371,GBR
1987-12-31,26465.995011181,GBR
1986-12-31,25185.830401984,GBR
1985-12-31,24479.425425821,GBR
1984-12-31,23547.164675609,GBR
1983-12-31,23059.570217066,GBR
1982-12-31,22132.998246799,GBR
1981-12-31,21688.996340987,GBR
1980-12-31,21865.128076835,GBR
1979-12-31,22344.368377467,GBR
1978-12-31,21557.849740521,GBR
1977-12-31,20689.657017498,GBR
1976-12-31,20189.605652846,GBR
1975-12-31,19613.863819964,GBR
1974-12-31,19906.842338216,GBR
1973-12-31,20422.489066501,GBR
1972-12-31,19211.556510286,GBR
1971-12-31,18481.731207976,GBR
1970-12-31,17880.388225134,GBR
1969-12-31,16891.622033051,GBR
1968-12-31,16620.86985347,GBR
1967-12-31,16061.945750823,GBR
1966-12-31,15783.918843469,GBR
1965-12-31,15552.45814371,GBR
1964-12-31,15227.994265142,GBR
1963-12-31,14592.144660041,GBR
1962-12-31,14142.255288659,GBR
1961-12-31,14075.859420582,GBR
1960-12-31,13827.44963857,GBR
2016-12-31,15019.632965497,CHL
2015-12-31,14907.116393352,CHL
2014-12-31,14701.953887815,CHL
2013-12-31,14551.044420923,CHL
2012-12-31,14109.143326368,CHL
2011-12-31,13518.765078247,CHL
2010-12-31,12860.177644747,CHL
2009-12-31,12268.441153072,CHL
2008-12-31,12588.6912225,CHL
2007-12-31,12285.048383044,CHL
2006-12-31,11833.952018896,CHL
2005-12-31,11249.867903233,CHL
2004-12-31,10754.306601667,CHL
2003-12-31,10141.731982052,CHL
2002-12-31,9852.8339284954,CHL
2001-12-31,9666.4760548547,CHL
2000-12-31,9469.1104676206,CHL
1999-12-31,9100.999171455,CHL
1998-12-31,9254.7947886696,CHL
1997-12-31,8987.6195219614,CHL
1996-12-31,8479.8752785862,CHL
1995-12-31,8051.4865900599,CHL
1994-12-31,7498.8520887837,CHL
1993-12-31,7247.0535355621,CHL
1992-12-31,6904.3304442664,CHL
1991-12-31,6309.4576477842,CHL
1990-12-31,5947.7648280094,CHL
1989-12-31,5851.4834450044,CHL
1988-12-31,5413.325324619,CHL
1987-12-31,5128.9592030356,CHL
1986-12-31,4899.4217950897,CHL
1985-12-31,4726.9056678952,CHL
1984-12-31,4618.7478024577,CHL
1983-12-31,4507.4279924487,CHL
1982-12-31,4819.76211504,CHL
1981-12-31,5499.9957244305,CHL
1980-12-31,5242.3301364698,CHL
1979-12-31,4928.7008040076,CHL
1978-12-31,4615.0774155025,CHL
1977-12-31,4350.4965870917,CHL
1976-12-31,4000.2229906153,CHL
1975-12-31,3913.9650552706,CHL
1974-12-31,4568.0187451403,CHL
1973-12-31,4537.1959325415,CHL
1972-12-31,4861.1166667993,CHL
1971-12-31,5000.595728371,CHL
1970-12-31,4656.6243274259,CHL
1969-12-31,4663.4982731944,CHL
1968-12-31,4579.3008559542,CHL
1967-12-31,4514.6005892898,CHL
1966-12-31,4451.6445752507,CHL
1965-12-31,4089.7770765329,CHL
1964-12-31,4140.772497242,CHL
1963-12-31,4127.31887761,CHL
1962-12-31,3986.7232361238,CHL
1961-12-31,3918.3670366451,CHL
1960-12-31,3806.8057288218,CHL
2016-12-31,10153.997911734,ARG
2015-12-31,10490.019568323,ARG
2014-12-31,10323.20693976,ARG
2013-12-31,10699.197715971,ARG
2012-12-31,10557.885389254,ARG
2011-12-31,10780.015657736,ARG
2010-12-31,10276.260497705,ARG
2009-12-31,9428.5025411718,ARG
2008-12-31,10125.126272118,ARG
2007-12-31,9830.680919822,ARG
2006-12-31,9112.1131633865,ARG
2005-12-31,8522.5227323878,ARG
2004-12-31,7913.7431236248,ARG
2003-12-31,7337.792037833,ARG
2002-12-31,6816.7348553778,ARG
2001-12-31,7735.4933643901,ARG
2000-12-31,8182.6865023087,ARG
1999-12-31,8339.8943886809,ARG
1998-12-31,8728.9476511661,ARG
1997-12-31,8500.9403618463,ARG
1996-12-31,7955.1276517628,ARG
1995-12-31,7630.022274099,ARG
1994-12-31,7952.7115517332,ARG
1993-12-31,7612.6811532961,ARG
1992-12-31,7285.4294277147,ARG
1991-12-31,6598.7226348274,ARG
1990-12-31,5939.7569156017,ARG
1989-12-31,6173.6849809631,ARG
1988-12-31,6772.22301661,ARG
1987-12-31,7053.9856408525,ARG
1986-12-31,6958.7524703869,ARG
1985-12-31,6550.1503229587,ARG
1984-12-31,7198.7199419411,ARG
1983-12-31,7154.4112545842,ARG
1982-12-31,6996.9629184465,ARG
1981-12-31,7478.1304322208,ARG
1980-12-31,8052.6896545861,ARG
1979-12-31,7849.3633396778,ARG
1978-12-31,7227.5641243998,ARG
1977-12-31,7681.0175707894,ARG
1976-12-31,7291.8404286361,ARG
1975-12-31,7559.143749205,ARG
1974-12-31,7685.8572120564,ARG
1973-12-31,7407.3667535068,ARG
1972-12-31,7329.9211577534,ARG
1971-12-31,7335.7591360517,ARG
1970-12-31,7056.8480638535,ARG
1969-12-31,6954.7641154732,ARG
1968-12-31,6434.9537767453,ARG
1967-12-31,6226.9977550946,ARG
1966-12-31,6120.7121838464,ARG
1965-12-31,6251.3218203558,ARG
1964-12-31,5738.5976902198,ARG
1963-12-31,5290.766222176,ARG
1962-12-31,5675.0600428848,ARG
1961-12-31,5815.2335573695,ARG
1960-12-31,5605.1917221384,ARG
2016-12-31,50231.885198923,CAN
2015-12-31,50109.875275768,CAN
2014-12-31,50067.042792434,CAN
2013-12-31,49355.096643103,CAN
2012-12-31,48724.245800331,CAN
2011-12-31,48456.964574247,CAN
2010-12-31,47447.476024194,CAN
2009-12-31,46543.792199911,CAN
2008-12-31,48510.567773273,CAN
2007-12-31,48552.696431331,CAN
2006-12-31,48035.035791905,CAN
2005-12-31,47181.562394045,CAN
2004-12-31,46170.920196531,CAN
2003-12-31,45239.811390679,CAN
2002-12-31,44883.828395515,CAN
2001-12-31,43964.954594037,CAN
2000-12-31,43638.283154814,CAN
1999-12-31,41856.04559239,CAN
1998-12-31,40131.701833963,CAN
1997-12-31,38967.953101389,CAN
1996-12-31,37765.732450827,CAN
1995-12-31,37569.468240442,CAN
1994-12-31,36893.981885531,CAN
1993-12-31,35648.477987629,CAN
1992-12-31,35108.519037796,CAN
1991-12-31,35231.021206047,CAN
1990-12-31,36489.266353568,CAN
1989-12-31,36981.278772628,CAN
1988-12-31,36791.759637973,CAN
1987-12-31,35689.034220536,CAN
1986-12-31,34737.275318186,CAN
1985-12-31,34345.613960282,CAN
1984-12-31,33099.374445784,CAN
1983-12-31,31549.801703954,CAN
1982-12-31,31060.644996989,CAN
1981-12-31,32477.29553642,CAN
1980-12-31,31769.783494822,CAN
1979-12-31,31502.044295611,CAN
1978-12-31,30651.632553471,CAN
1977-12-31,29783.267924392,CAN
1976-12-31,29128.014087297,CAN
1975-12-31,28057.04788707,CAN
1974-12-31,28080.940719853,CAN
1973-12-31,27571.29253448,CAN
1972-12-31,26216.591277261,CAN
1971-12-31,25262.441349947,CAN
1970-12-31,24629.215564041,CAN
1969-12-31,24188.426264962,CAN
1968-12-31,23294.302393142,CAN
1967-12-31,22482.649712677,CAN
1966-12-31,22242.418709533,CAN
1965-12-31,21260.631534415,CAN
1964-12-31,20301.65991253,CAN
1963-12-31,19389.155616518,CAN
1962-12-31,18780.564127401,CAN
1961-12-31,17861.935603712,CAN
1960-12-31,17664.204797776,CAN
2016-12-31,36725.649112272,HKG
2015-12-31,36191.415290782,HKG
2014-12-31,35657.516116092,HKG
2013-12-31,34960.648975736,HKG
2012-12-31,34064.868724594,HKG
2011-12-31,33888.486341067,HKG
2010-12-31,32549.998231121,HKG
2009-12-31,30711.494689644,HKG
2008-12-31,31553.636525615,HKG
2007-12-31,31081.573191862,HKG
2006-12-31,29446.262972813,HKG
2005-12-31,27688.739531083,HKG
2004-12-31,25896.682838766,HKG
2003-12-31,24010.507190176,HKG
2002-12-31,23252.475293107,HKG
2001-12-31,22975.042134254,HKG
2000-12-31,23015.905878007,HKG
1999-12-31,21566.936220108,HKG
1998-12-31,21241.439767941,HKG
1997-12-31,22758.29457067,HKG
1996-12-31,21835.034100535,HKG
1995-12-31,21893.685599826,HKG
1994-12-31,21813.719888385,HKG
1993-12-31,21040.534041779,HKG
1992-12-31,20155.241830864,HKG
1991-12-31,19132.307766569,HKG
1990-12-31,18250.961853647,HKG
1989-12-31,17634.226918294,HKG
1988-12-31,17421.170963164,HKG
1987-12-31,16190.1732626,HKG
1986-12-31,14421.709156601,HKG
1985-12-31,13148.766235145,HKG
1984-12-31,13190.912184253,HKG
1983-12-31,12113.073267574,HKG
1982-12-31,11604.900590655,HKG
1981-12-31,11448.759246333,HKG
1980-12-31,10727.336922194,HKG
1979-12-31,10006.171923673,HKG
1978-12-31,9473.4573470448,HKG
1977-12-31,8910.565187193,HKG
1976-12-31,8091.3649090082,HKG
1975-12-31,7053.4950438809,HKG
1974-12-31,7153.3094270769,HKG
1973-12-31,7208.8976922598,HKG
1972-12-31,6604.2125726397,HKG
1971-12-31,6086.1848757519,HKG
1970-12-31,5796.1330373351,HKG
1969-12-31,5438.1323799745,HKG
1968-12-31,4962.6974853322,HKG
1967-12-31,4902.6404579291,HKG
1966-12-31,4948.7569507223,HKG
1965-12-31,4904.742605937,HKG
1964-12-31,4392.2037428726,HKG
1963-12-31,4142.288862892,HKG
1962-12-31,3703.4719647576,HKG
1961-12-31,3380.6204967675,HKG
2016-12-31,14991.189699513,HUN
2015-12-31,14629.235032574,HUN
2014-12-31,14119.070416617,HUN
2013-12-31,13509.924246934,HUN
2012-12-31,13196.153339804,HUN
2011-12-31,13347.584017708,HUN
2010-12-31,13092.233756769,HUN
2009-12-31,12974.144180496,HUN
2008-12-31,13869.441165688,HUN
2007-12-31,13727.734826949,HUN
2006-12-31,13647.152365483,HUN
2005-12-31,13120.620256121,HUN
2004-12-31,12544.090371818,HUN
2003-12-31,11919.768887132,HUN
2002-12-31,11445.193583606,HUN
2001-12-31,10918.248805672,HUN
2000-12-31,10490.350317218,HUN
1999-12-31,10040.512206183,HUN
1998-12-31,9702.8905671253,HUN
1997-12-31,9286.9587584545,HUN
1996-12-31,8968.6989662266,HUN
1995-12-31,8952.0393697997,HUN
1994-12-31,8808.3819191449,HUN
1993-12-31,8544.5129772991,HUN
1992-12-31,8584.2292204313,HUN
1991-12-31,8852.1150739496,HUN
2016-12-31,6893.776361339,CHN
2015-12-31,6496.6240125552,CHN
2014-12-31,6108.2387749486,CHN
2013-12-31,5721.693818888,CHN
2012-12-31,5336.0601431986,CHN
2011-12-31,4971.544928635,CHN
2010-12-31,4560.5125860093,CHN
2009-12-31,4142.0382859787,CHN
2008-12-31,3805.0259986638,CHN
2007-12-31,3487.8457656101,CHN
2006-12-31,3069.3047809514,CHN
2005-12-31,2738.2054599526,CHN
2004-12-31,2472.586555694,CHN
2003-12-31,2258.9121054105,CHN
2002-12-31,2065.7185792561,CHN
2001-12-31,1905.6107801095,CHN
2000-12-31,1771.7415057954,CHN
1999-12-31,1645.9879956788,CHN
1998-12-31,1542.0641299666,CHN
1997-12-31,1443.774741854,CHN
1996-12-31,1335.362680112,CHN
1995-12-31,1227.5564069152,CHN
1994-12-31,1118.4995774817,CHN
1993-12-31,1000.6118097535,CHN
1992-12-31,888.91100411901,CHN
1991-12-31,787.86743515627,CHN
1990-12-31,730.77248904482,CHN
1989-12-31,713.68952759036,CHN
1988-12-31,695.59905441109,CHN
1987-12-31,635.494603029,CHN
1986-12-31,578.18404036622,CHN
1985-12-31,538.69082726625,CHN
1984-12-31,481.36459575935,CHN
1983-12-31,423.59349876797,CHN
1982-12-31,387.74558090833,CHN
1981-12-31,361.22471064912,CHN
1980-12-31,347.8874130355,CHN
1979-12-31,326.768369194,CHN
1978-12-31,307.76619470515,CHN
1977-12-31,279.32454675135,CHN
1976-12-31,263.23062210942,CHN
1975-12-31,271.59947649238,CHN
1974-12-31,254.26748466589,CHN
1973-12-31,253.71437296006,CHN
1972-12-31,240.88188891797,CHN
1971-12-31,237.81383839354,CHN
1970-12-31,228.31770282363,CHN
1969-12-31,196.74012688937,CHN
1968-12-31,172.91375243985,CHN
1967-12-31,185.07592747373,CHN
1966-12-31,201.52324200402,CHN
1965-12-31,187.27463156857,CHN
1964-12-31,163.99132522658,CHN
1963-12-31,142.02195544448,CHN
1962-12-31,131.96337147674,CHN
1961-12-31,140.91349923507,CHN
1960-12-31,191.79117991022,CHN
2016-12-31,7525.855325711,COL
2015-12-31,7446.1822595832,COL
2014-12-31,7291.6917292814,COL
2013-12-31,7051.0401367548,COL
2012-12-31,6789.5253726003,COL
2011-12-31,6592.4021995403,COL
2010-12-31,6250.6549257458,COL
2009-12-31,6078.3153399351,COL
2008-12-31,6048.094416472,COL
2007-12-31,5910.2922680611,COL
2006-12-31,5596.7346351274,COL
2005-12-31,5312.0822508767,COL
2004-12-31,5139.9765283786,COL
2003-12-31,4945.9578763604,COL
2002-12-31,4825.8319070854,COL
2001-12-31,4774.9755181744,COL
2000-12-31,4764.1676566108,COL
1999-12-31,4629.4979439956,COL
1998-12-31,4904.7480972805,COL
1997-12-31,4951.2463267926,COL
1996-12-31,4862.067960065,COL
1995-12-31,4841.3670428678,COL
1994-12-31,4679.241687572,COL
1993-12-31,4497.9822574511,COL
1992-12-31,4472.6861907906,COL
1991-12-31,4336.6626017067,COL
1990-12-31,4319.930368477,COL
1989-12-31,4152.1927323323,COL
1988-12-31,4093.9924591929,COL
1987-12-31,4013.528484364,COL
1986-12-31,3887.6542346231,COL
1985-12-31,3751.149675494,COL
1984-12-31,3718.0963894967,COL
1983-12-31,3677.7395238377,COL
1982-12-31,3702.6883482011,COL
1981-12-31,3752.0698344753,COL
1980-12-31,3753.4352030963,COL
1979-12-31,3688.701474209,COL
1978-12-31,3581.0300146118,COL
1977-12-31,3377.6931329951,COL
1976-12-31,3317.6671170165,COL
1975-12-31,3237.6126018628,COL
1974-12-31,3238.23315979,COL
1973-12-31,3131.3877582626,COL
1972-12-31,3000.8926553906,COL
1971-12-31,2852.9507983757,COL
1970-12-31,2759.9269556502,COL
1969-12-31,2648.8920410455,COL
1968-12-31,2556.4270451941,COL
1967-12-31,2472.2473989791,COL
1966-12-31,2443.7871321791,COL
1965-12-31,2390.2543698412,COL
1964-12-31,2390.5627283923,COL
1963-12-31,2310.7024214692,COL
1962-12-31,2313.929989794,COL
1961-12-31,2260.898574216,COL
1960-12-31,2213.2228261664,COL
2016-12-31,9714.0998969118,CRI
2015-12-31,9406.7567913551,CRI
2014-12-31,9077.4148049876,CRI
2013-12-31,8852.4011214219,CRI
2012-12-31,8753.2256242245,CRI
2011-12-31,8449.962611715,CRI
2010-12-31,8199.4146206803,CRI
2009-12-31,7911.7951996015,CRI
2008-12-31,8095.3097259221,CRI
2007-12-31,7841.9258424372,CRI
2006-12-31,7351.86086835,CRI
2005-12-31,6954.0392055861,CRI
2004-12-31,6792.109874871,CRI
2003-12-31,6606.1564910165,CRI
2002-12-31,6434.3921310693,CRI
2001-12-31,6332.8369089988,CRI
2000-12-31,6230.4794891361,CRI
1999-12-31,6125.9032683208,CRI
1998-12-31,6020.7617672037,CRI
1997-12-31,5758.2759963562,CRI
1996-12-31,5585.1386771153,CRI
1995-12-31,5651.6804047106,CRI
1994-12-31,5563.0224267937,CRI
1993-12-31,5459.0679904629,CRI
1992-12-31,5228.4957126856,CRI
1991-12-31,4911.511823455,CRI
1990-12-31,4911.5543343692,CRI
1989-12-31,4847.5964727214,CRI
1988-12-31,4730.4481708564,CRI
1987-12-31,4671.1888744145,CRI
1986-12-31,4481.8252242067,CRI
1985-12-31,4346.5257813261,CRI
1984-12-31,4415.6707630257,CRI
1983-12-31,4269.9526023539,CRI
1982-12-31,4264.3234512695,CRI
1981-12-31,4725.0586051393,CRI
1980-12-31,4965.5471213456,CRI
1979-12-31,5061.1038260151,CRI
1978-12-31,4951.7593375857,CRI
1977-12-31,4783.0260489507,CRI
1976-12-31,4506.7270244368,CRI
1975-12-31,4381.2146072623,CRI
1974-12-31,4399.8181502906,CRI
1973-12-31,4272.7681569153,CRI
1972-12-31,4066.1709241737,CRI
1971-12-31,3855.1793338212,CRI
1970-12-31,3707.0964529842,CRI
1969-12-31,3545.3032953041,CRI
1968-12-31,3456.8898221913,CRI
1967-12-31,3287.6170999103,CRI
1966-12-31,3211.3249861579,CRI
1965-12-31,3075.4557498456,CRI
1964-12-31,2895.9972935276,CRI
1963-12-31,2879.0231353721,CRI
1962-12-31,2847.1474574865,CRI
1961-12-31,2729.1576475351,CRI
1960-12-31,2856.5311778077,CRI
2016-12-31,21903.8536116,CZE
2015-12-31,21381.703080832,CZE
2014-12-31,20343.683753447,CZE
2013-12-31,19826.791943061,CZE
2012-12-31,19929.764067363,CZE
2011-12-31,20118.587814041,CZE
2010-12-31,19808.071091252,CZE
2009-12-31,19424.27305888,CZE
2008-12-31,20520.779961968,CZE
2007-12-31,20151.178121324,CZE
2006-12-31,19193.754821926,CZE
2005-12-31,18011.386698787,CZE
2004-12-31,16930.189702475,CZE
2003-12-31,16143.263640186,CZE
2002-12-31,15577.392204707,CZE
2001-12-31,15294.629287428,CZE
2000-12-31,14806.583469788,CZE
1999-12-31,14160.912375195,CZE
1998-12-31,13946.618070425,CZE
1997-12-31,13979.362974547,CZE
1996-12-31,14047.843319868,CZE
1995-12-31,13462.986798865,CZE
1994-12-31,12666.688506057,CZE
1993-12-31,12313.040316807,CZE
1992-12-31,12318.220510539,CZE
1991-12-31,12393.6000764,CZE
1990-12-31,13988.65760133,CZE
2016-12-31,60637.335588966,DNK
2015-12-31,59967.742823222,DNK
2014-12-31,59437.93389733,DNK
2013-12-31,58788.081787017,DNK
2012-12-31,58487.786365097,DNK
2011-12-31,58575.618916292,DNK
2010-12-31,58041.41122456,DNK
2009-12-31,57229.051637888,DNK
2008-12-31,60504.775299089,DNK
2007-12-31,61174.545146424,DNK
2006-12-31,60892.766609425,DNK
2005-12-31,58792.671381824,DNK
2004-12-31,57608.734894508,DNK
2003-12-31,56256.767611139,DNK
2002-12-31,56190.814522353,DNK
2001-12-31,56108.962719463,DNK
2000-12-31,55850.636429636,DNK
1999-12-31,54013.777978609,DNK
1998-12-31,52640.939520156,DNK
1997-12-31,51685.980516732,DNK
1996-12-31,50262.225502985,DNK
1995-12-31,49122.881934392,DNK
1994-12-31,47928.365798493,DNK
1993-12-31,45655.918621669,DNK
1992-12-31,45803.40009121,DNK
1991-12-31,45073.025211397,DNK
1990-12-31,44569.01112423,DNK
1989-12-31,43992.478427209,DNK
1988-12-31,43736.680788982,DNK
1987-12-31,43763.904109075,DNK
1986-12-31,43708.254694927,DNK
1985-12-31,41720.657411957,DNK
1984-12-31,40130.855644614,DNK
1983-12-31,38505.638763989,DNK
1982-12-31,37505.540682052,DNK
1981-12-31,36146.132585647,DNK
1980-12-31,36378.193820315,DNK
1979-12-31,36599.229371822,DNK
1978-12-31,35322.58788209,DNK
1977-12-31,34660.812364739,DNK
1976-12-31,34130.58966312,DNK
1975-12-31,32302.688223822,DNK
1974-12-31,32874.775971292,DNK
1973-12-31,33403.116312514,DNK
1972-12-31,32284.274566081,DNK
1971-12-31,31241.86662542,DNK
1970-12-31,30541.926131425,DNK
1969-12-31,29953.009381083,DNK
1968-12-31,28328.068470583,DNK
1967-12-31,27411.47328762,DNK
1966-12-31,26714.384248432,DNK
1965-12-31,26211.336792599,DNK
1964-12-31,25265.476955039,DNK
1963-12-31,23307.609923677,DNK
1962-12-31,23343.23404609,DNK
1961-12-31,22263.998525063,DNK
1960-12-31,21075.59951601,DNK
2016-12-31,2724.3968069103,EGY
2015-12-31,2665.3516137927,EGY
2014-12-31,2608.3751974187,EGY
2013-12-31,2591.0594510701,EGY
2012-12-31,2593.226466222,EGY
2011-12-31,2593.5969016231,EGY
2010-12-31,2602.4795486957,EGY
2009-12-31,2524.4324438391,EGY
2008-12-31,2456.7314262873,EGY
2007-12-31,2333.4673126157,EGY
2006-12-31,2217.3948304586,EGY
2005-12-31,2112.4879695189,EGY
2004-12-31,2059.3775148809,EGY
2003-12-31,2015.8979974356,EGY
2002-12-31,1990.9921610176,EGY
2001-12-31,1982.1116330331,EGY
2000-12-31,1950.6069822946,EGY
1999-12-31,1885.7431439716,EGY
1998-12-31,1810.1693320749,EGY
1997-12-31,1772.2104488987,EGY
1996-12-31,1711.4650605762,EGY
1995-12-31,1661.3317649304,EGY
1994-12-31,1618.5847829128,EGY
1993-12-31,1587.7313795058,EGY
1992-12-31,1574.843930083,EGY
1991-12-31,1540.9438153065,EGY
1990-12-31,1560.0833509149,EGY
1989-12-31,1512.9721395343,EGY
1988-12-31,1479.8635714989,EGY
1987-12-31,1444.5922574136,EGY
1986-12-31,1448.9148940215,EGY
1985-12-31,1450.9954682221,EGY
1984-12-31,1398.3451575956,EGY
1983-12-31,1353.347910545,EGY
1982-12-31,1293.0957269828,EGY
1981-12-31,1206.7986969379,EGY
1980-12-31,1192.5814599355,EGY
1979-12-31,1111.0445647237,EGY
1978-12-31,1073.2931627917,EGY
1977-12-31,1038.8411404154,EGY
1976-12-31,942.18568768469,EGY
1975-12-31,840.86115629593,EGY
1974-12-31,789.29926899436,EGY
1973-12-31,787.28980817669,EGY
1972-12-31,799.13763946124,EGY
1971-12-31,800.94222814343,EGY
1970-12-31,792.35194949175,EGY
1969-12-31,768.53285436095,EGY
1968-12-31,737.61438323525,EGY
1967-12-31,736.68413059248,EGY
1966-12-31,751.41952262748,EGY
1965-12-31,763.34966699039,EGY
1964-12-31,745.45802447873,EGY
1963-12-31,707.92529208784,EGY
1962-12-31,666.79187390885,EGY
1961-12-31,641.13220440547,EGY
1960-12-31,631.12839002734,EGY
2016-12-31,9707.9080050833,MEX
2015-12-31,9615.3122286953,MEX
2014-12-31,9492.9908888445,MEX
2013-12-31,9409.9653706125,MEX
2012-12-31,9414.9060779425,MEX
2011-12-31,9183.3280777551,MEX
2010-12-31,8959.5814158753,MEX
2009-12-31,8657.8360287119,MEX
2008-12-31,9232.1973160739,MEX
2007-12-31,9253.3177155919,MEX
2006-12-31,9108.0654495746,MEX
2005-12-31,8808.5635649115,MEX
2004-12-31,8667.2885553287,MEX
2003-12-31,8416.9042657497,MEX
2002-12-31,8401.0158669082,MEX
2001-12-31,8494.8388508808,MEX
2000-12-31,8659.7972535206,MEX
1999-12-31,8340.5638575,MEX
1998-12-31,8245.4939251454,MEX
1997-12-31,7999.8579421052,MEX
1996-12-31,7603.7089813638,MEX
1995-12-31,7307.1769782505,MEX
1994-12-31,7896.1205975457,MEX
1993-12-31,7685.217402565,MEX
1992-12-31,7532.6077856085,MEX
1991-12-31,7415.5060103238,MEX
1990-12-31,7257.9310817491,MEX
1989-12-31,7044.8245766643,MEX
1988-12-31,6893.9163520582,MEX
1987-12-31,6942.8260361207,MEX
1986-12-31,6951.8163670894,MEX
1985-12-31,7369.8663120527,MEX
1984-12-31,7333.3534286516,MEX
1983-12-31,7228.9388689014,MEX
1982-12-31,7711.2393206076,MEX
1981-12-31,7935.986019553,MEX
1980-12-31,7467.5381212755,MEX
1979-12-31,7003.0351184305,MEX
1978-12-31,6545.3676020125,MEX
1977-12-31,6165.4114020354,MEX
1976-12-31,6127.2055532326,MEX
1975-12-31,6036.8187135977,MEX
1974-12-31,5881.2564412385,MEX
1973-12-31,5735.5204045858,MEX
1972-12-31,5490.2659933088,MEX
1971-12-31,5238.9807577266,MEX
1970-12-31,5212.9016847473,MEX
1969-12-31,5050.5612067122,MEX
1968-12-31,5036.3741623111,MEX
1967-12-31,4744.7419419311,MEX
1966-12-31,4620.520493971,MEX
1965-12-31,4490.4944921517,MEX
1964-12-31,4324.485845046,MEX
1963-12-31,3986.4409860839,MEX
1962-12-31,3804.547521876,MEX
1961-12-31,3750.8408974177,MEX
1960-12-31,3686.395013194,MEX
2016-12-31,36844.450081911,NZL
2015-12-31,36507.167680825,NZL
2014-12-31,36006.021499266,NZL
2013-12-31,35350.443781316,NZL
2012-12-31,34771.294065037,NZL
2011-12-31,34194.445585906,NZL
2010-12-31,33691.348368973,NZL
2009-12-31,33555.465667198,NZL
2008-12-31,33996.077242051,NZL
2007-12-31,34674.01024481,NZL
2006-12-31,34016.620285853,NZL
2005-12-31,33494.580526868,NZL
2004-12-31,32792.165402235,NZL
2003-12-31,32019.14554974,NZL
2002-12-31,31233.910964213,NZL
2001-12-31,30363.321118909,NZL
2000-12-31,29525.120325308,NZL
1999-12-31,28861.117795917,NZL
1998-12-31,27512.469200189,NZL
1997-12-31,27533.788885021,NZL
1996-12-31,27341.075627437,NZL
1995-12-31,26804.83126597,NZL
1994-12-31,25970.39779237,NZL
1993-12-31,25032.704325658,NZL
1992-12-31,23797.589806017,NZL
1991-12-31,23782.891197645,NZL
1990-12-31,25238.307247252,NZL
1989-12-31,25434.094357975,NZL
1988-12-31,25517.098057307,NZL
1987-12-31,25680.071554768,NZL
1986-12-31,25660.815270783,NZL
1985-12-31,24978.567727744,NZL
1984-12-31,24734.009949433,NZL
1983-12-31,23807.805639654,NZL
1982-12-31,23319.342658017,NZL
1981-12-31,23335.255371841,NZL
1980-12-31,22383.013480352,NZL
1979-12-31,22127.085794095,NZL
1978-12-31,21567.91358009,NZL
1977-12-31,21506.461453068,NZL
2016-12-31,1861.4910293515,IND
2015-12-31,1758.0433761269,IND
2014-12-31,1646.7812520419,IND
2013-12-31,1550.1422296426,IND
2012-12-31,1474.9676742215,IND
2011-12-31,1416.4033912864,IND
2010-12-31,1345.7701532089,IND
2009-12-31,1237.3397859447,IND
2008-12-31,1156.9325271363,IND
2007-12-31,1130.0900706635,IND
2006-12-31,1044.8939404376,IND
2005-12-31,971.22976073914,IND
2004-12-31,902.90579435076,IND
2003-12-31,850.29326490165,IND
2002-12-31,801.50793268553,IND
2001-12-31,785.34462806116,IND
2000-12-31,762.31334080507,IND
1999-12-31,747.25203565058,IND
1998-12-31,699.06885471774,IND
1997-12-31,670.61012159467,IND
1996-12-31,656.69714396135,IND
1995-12-31,622.3036830838,IND
1994-12-31,589.70878759027,IND
1993-12-31,563.74968766069,IND
1992-12-31,548.89578382775,IND
1991-12-31,530.89473800065,IND
1990-12-31,536.16278595224,IND
1989-12-31,518.69871593577,IND
1988-12-31,500.0132773472,IND
1987-12-31,465.98272853502,IND
1986-12-31,458.08667471523,IND
1985-12-31,446.9997685496,IND
1984-12-31,434.36650461845,IND
1983-12-31,428.06916810702,IND
1982-12-31,408.32488002634,IND
1981-12-31,403.87804296411,IND
1980-12-31,389.92628439211,IND
1979-12-31,373.83225333242,IND
1978-12-31,403.63354444472,IND
1977-12-31,390.6366799318,IND
1976-12-31,372.64261339326,IND
1975-12-31,375.08337283527,IND
1974-12-31,351.70806943457,IND
1973-12-31,355.78821005198,IND
1972-12-31,352.55005584106,IND
1971-12-31,362.76772502601,IND
1970-12-31,365.05738258957,IND
1969-12-31,354.89402847232,IND
1968-12-31,340.36168543281,IND
1967-12-31,336.23645668347,IND
1966-12-31,318.41567616282,IND
1965-12-31,325.2873860963,IND
1964-12-31,341.09601949409,IND
1963-12-31,324.05620079327,IND
1962-12-31,312.0523318855,IND
1961-12-31,309.35356215696,IND
1960-12-31,304.23189251508,IND
2016-12-31,1178.7981111199,PAK
2015-12-31,1140.2062714905,PAK
2014-12-31,1111.1959616682,PAK
2013-12-31,1083.9670071884,PAK
2012-12-31,1060.5013703754,PAK
2011-12-31,1046.4935453695,PAK
2010-12-31,1040.1422678764,PAK
2009-12-31,1045.2079288187,PAK
2008-12-31,1037.5751370942,PAK
2007-12-31,1041.2893827158,PAK
2006-12-31,1013.7653721823,PAK
2005-12-31,974.53729826756,PAK
2004-12-31,923.923303987,PAK
2003-12-31,878.44151966291,PAK
2002-12-31,855.49854983595,PAK
2001-12-31,846.64237305093,PAK
2000-12-31,848.63178305301,PAK
1999-12-31,832.69779224729,PAK
1998-12-31,822.4430367498,PAK
1997-12-31,821.66181803327,PAK
1996-12-31,833.7471026281,PAK
1995-12-31,815.33593794649,PAK
1994-12-31,796.63056868648,PAK
1993-12-31,787.7941116724,PAK
1992-12-31,794.62098562939,PAK
1991-12-31,757.86886326114,PAK
1990-12-31,741.80144983325,PAK
1989-12-31,731.12072609554,PAK
1988-12-31,717.94598137072,PAK
1987-12-31,688.22187270566,PAK
1986-12-31,667.49758469928,PAK
1985-12-31,653.57982082723,PAK
1984-12-31,627.81996229681,PAK
1983-12-31,617.85001880362,PAK
1982-12-31,598.40312381173,PAK
1981-12-31,580.81673508203,PAK
1980-12-31,556.31062020815,PAK
1979-12-31,521.44874381286,PAK
1978-12-31,518.85173093311,PAK
1977-12-31,495.42293218004,PAK
1976-12-31,491.3813582043,PAK
1975-12-31,481.45746110677,PAK
1974-12-31,475.65377282842,PAK
1973-12-31,472.58623058741,PAK
1972-12-31,453.7905643593,PAK
1971-12-31,462.58107554499,PAK
1970-12-31,473.07741257537,PAK
1969-12-31,436.47667592244,PAK
1968-12-31,424.96506053949,PAK
1967-12-31,407.03328680603,PAK
1966-12-31,396.53513018017,PAK
1965-12-31,384.75433247187,PAK
1964-12-31,357.54282155064,PAK
1963-12-31,340.93166610623,PAK
1962-12-31,321.59842139327,PAK
1961-12-31,315.39375036132,PAK
1960-12-31,304.71068800287,PAK
2016-12-31,3974.0584850012,IDN
2015-12-31,3827.5483074194,IDN
2014-12-31,3692.9428753698,IDN
2013-12-31,3560.1065804283,IDN
2012-12-31,3415.3512667675,IDN
2011-12-31,3262.7486126075,IDN
2010-12-31,3113.4806345143,IDN
2009-12-31,2970.0441310658,IDN
2008-12-31,2876.885040269,IDN
2007-12-31,2750.6151427047,IDN
2006-12-31,2621.9603979185,IDN
2005-12-31,2519.5098415279,IDN
2004-12-31,2416.8363893324,IDN
2003-12-31,2333.0974833311,IDN
2002-12-31,2257.7468550709,IDN
2001-12-31,2190.7661797947,IDN
2000-12-31,2143.389890392,IDN
1999-12-31,2071.5506297141,IDN
1998-12-31,2084.2345484495,IDN
1997-12-31,2433.3405076085,IDN
1996-12-31,2357.9593514244,IDN
1995-12-31,2219.8110581361,IDN
1994-12-31,2083.0636817084,IDN
1993-12-31,1968.1241364128,IDN
1992-12-31,1878.709860248,IDN
1991-12-31,1794.1887987744,IDN
1990-12-31,1707.5979177035,IDN
1989-12-31,1620.9027015198,IDN
1988-12-31,1536.286599919,IDN
1987-12-31,1480.0061635119,IDN
1986-12-31,1438.3905769321,IDN
1985-12-31,1386.4828004743,IDN
1984-12-31,1382.1179975065,IDN
1983-12-31,1320.698546129,IDN
1982-12-31,1296.5765252201,IDN
1981-12-31,1297.7168561409,IDN
1980-12-31,1230.8401181629,IDN
1979-12-31,1146.8918527865,IDN
1978-12-31,1094.3583102237,IDN
1977-12-31,1049.9543479963,IDN
1976-12-31,989.22930632876,IDN
1975-12-31,948.76266577574,IDN
1974-12-31,926.88564786866,IDN
1973-12-31,883.47898576199,IDN
1972-12-31,838.7356667296,IDN
1971-12-31,804.43816548438,IDN
1970-12-31,771.84995998772,IDN
1969-12-31,737.1146500679,IDN
1968-12-31,708.92504441008,IDN
1967-12-31,656.74682370627,IDN
1966-12-31,665.6549417411,IDN
1965-12-31,665.38696520497,IDN
1964-12-31,676.27395906208,IDN
1963-12-31,670.96322296545,IDN
1962-12-31,704.83643925363,IDN
1961-12-31,710.6675074524,IDN
1960-12-31,690.0428500908,IDN
2016-12-31,33673.127702187,ISR
2015-12-31,32993.314275568,ISR
2014-12-31,32661.294134773,ISR
2013-12-31,32196.358170621,ISR
2012-12-31,31507.478563122,ISR
2011-12-31,31482.997156851,ISR
2010-12-31,30642.940617486,ISR
2009-12-31,29658.522632153,ISR
2008-12-31,29962.005614162,ISR
2007-12-31,29614.075151449,ISR
2006-12-31,28499.325927224,ISR
2005-12-31,27570.94556629,ISR
2004-12-31,26947.444501718,ISR
2003-12-31,26229.399766679,ISR
2002-12-31,26503.843350948,ISR
2001-12-31,26999.365061986,ISR
2000-12-31,27636.340773557,ISR
1999-12-31,26233.305585363,ISR
1998-12-31,25970.833782557,ISR
1997-12-31,25508.753756278,ISR
1996-12-31,25230.310306343,ISR
1995-12-31,24592.248121391,ISR
1994-12-31,23692.851615883,ISR
1993-12-31,22633.175722155,ISR
1992-12-31,22323.835383421,ISR
1991-12-31,21444.754976752,ISR
1990-12-31,21141.296986775,ISR
1989-12-31,20319.362637509,ISR
1988-12-31,20548.910736337,ISR
1987-12-31,20301.478541369,ISR
1986-12-31,19257.140368891,ISR
1985-12-31,18770.866975062,ISR
1984-12-31,18363.527460833,ISR
1983-12-31,18433.073989409,ISR
1982-12-31,18161.403359296,ISR
1981-12-31,18128.197415238,ISR
1980-12-31,17555.374050052,ISR
1979-12-31,17686.52744862,ISR
1978-12-31,17085.997505539,ISR
1977-12-31,16531.778366109,ISR
1976-12-31,16732.882702006,ISR
1975-12-31,17055.638892174,ISR
1974-12-31,16901.495224232,ISR
1973-12-31,16352.902703206,ISR
1972-12-31,16127.116380097,ISR
1971-12-31,14750.563776567,ISR
1970-12-31,14476.72534377,ISR
1969-12-31,13945.755590182,ISR
1968-12-31,12604.093556459,ISR
1967-12-31,11072.086113813,ISR
1966-12-31,11224.447955539,ISR
1965-12-31,11522.666735492,ISR
1964-12-31,10937.691637864,ISR
1963-12-31,10542.298793958,ISR
1962-12-31,9880.8636529568,ISR
1961-12-31,9413.2349933598,ISR
1960-12-31,8749.0578440514,ISR
2016-12-31,47623.270930596,JPN
2015-12-31,47082.688594064,JPN
2014-12-31,46466.122972617,JPN
2013-12-31,46249.263510682,JPN
2012-12-31,45276.828699775,JPN
2011-12-31,44538.70808639,JPN
2010-12-31,44507.676385917,JPN
2009-12-31,42724.534911263,JPN
2008-12-31,45165.887161943,JPN
2007-12-31,45687.34575077,JPN
2006-12-31,44995.521507565,JPN
2005-12-31,44393.662740099,JPN
2004-12-31,43671.680357474,JPN
2003-12-31,42743.993910208,JPN
2002-12-31,42190.778632681,JPN
2001-12-31,42239.113088603,JPN
2000-12-31,42169.697875734,JPN
1999-12-31,41097.961195557,JPN
1998-12-31,41277.077476382,JPN
1997-12-31,41861.911038026,JPN
1996-12-31,41514.862495074,JPN
1995-12-31,40368.705108611,JPN
1994-12-31,39441.570729846,JPN
1993-12-31,39237.326692418,JPN
1992-12-31,39267.120242796,JPN
1991-12-31,39044.927268578,JPN
1990-12-31,37906.163702417,JPN
1989-12-31,36028.1531266,JPN
1988-12-31,34332.258170346,JPN
1987-12-31,32179.29039836,JPN
1986-12-31,31062.093246166,JPN
1985-12-31,30391.52493438,JPN
1984-12-31,28756.637828429,JPN
1983-12-31,27703.018897664,JPN
1982-12-31,27064.101586876,JPN
1981-12-31,26358.347886844,JPN
1980-12-31,25489.166212168,JPN
1979-12-31,24985.791174976,JPN
1978-12-31,23887.179963108,JPN
1977-12-31,22897.185144722,JPN
1976-12-31,22146.595978752,JPN
1975-12-31,21458.049820478,JPN
1974-12-31,21150.496237282,JPN
1973-12-31,21825.543720367,JPN
1972-12-31,20370.673765888,JPN
1971-12-31,19054.841723576,JPN
1970-12-31,18435.45507592,JPN
1969-12-31,18837.177260786,JPN
1968-12-31,17097.275294919,JPN
1967-12-31,15196.61018315,JPN
1966-12-31,13808.697942551,JPN
1965-12-31,12595.389369783,JPN
1964-12-31,12031.295048261,JPN
1963-12-31,10886.164111017,JPN
1962-12-31,10138.397014357,JPN
1961-12-31,9396.2212144254,JPN
1960-12-31,8607.657082266,JPN
2016-12-31,15872.722786527,LTU
2015-12-31,15341.842595032,LTU
2014-12-31,14932.602679653,LTU
2013-12-31,14304.803298469,LTU
2012-12-31,13680.998906481,LTU
2011-12-31,13000.189566433,LTU
2010-12-31,11984.868569882,LTU
2009-12-31,11546.822251312,LTU
2008-12-31,13405.188237058,LTU
2007-12-31,12928.259942228,LTU
2006-12-31,11500.529150633,LTU
2005-12-31,10537.910373055,LTU
2004-12-31,9624.0137332887,LTU
2003-12-31,8931.5195350737,LTU
2002-12-31,8014.6369089392,LTU
2001-12-31,7447.0774529477,LTU
2000-12-31,6933.5878691093,LTU
1999-12-31,6630.9145655744,LTU
1998-12-31,6659.5980950334,LTU
1997-12-31,6152.1369876221,LTU
1996-12-31,5639.2368882017,LTU
1995-12-31,5322.4195254443,LTU
1994-12-31,3818.511410043,LTU
1993-12-31,4202.5231306576,LTU
1992-12-31,4992.8245824873,LTU
1991-12-31,6333.935479234,LTU
1990-12-31,6726.4928054756,LTU
2016-12-31,11099.17305721,RUS
2015-12-31,11144.596895094,RUS
2014-12-31,11493.726541939,RUS
2013-12-31,11615.695919209,RUS
2012-12-31,11493.402044014,RUS
2011-12-31,11121.513528887,RUS
2010-12-31,10674.987707365,RUS
2009-12-31,10219.521306405,RUS
2008-12-31,11089.929954655,RUS
2007-12-31,10532.326270618,RUS
2006-12-31,9687.4935132003,RUS
2005-12-31,8927.9056584238,RUS
2004-12-31,8360.8119196297,RUS
2003-12-31,7769.6702252278,RUS
2002-12-31,7208.5707221971,RUS
2001-12-31,6850.5171289949,RUS
2000-12-31,6491.001359271,RUS
1999-12-31,5876.1451601328,RUS
1998-12-31,5505.6277900488,RUS
1997-12-31,5804.1424031129,RUS
1996-12-31,5714.5512372032,RUS
1995-12-31,5919.3406340752,RUS
1994-12-31,6176.8660995293,RUS
1993-12-31,7056.1551195836,RUS
1992-12-31,7717.0945434401,RUS
1991-12-31,9033.0719232692,RUS
1990-12-31,9534.49562146,RUS
1989-12-31,9867.3709094959,RUS
2016-12-31,11031.821558175,MYS
2015-12-31,10745.045473251,MYS
2014-12-31,10398.226904547,MYS
2013-12-31,9981.1545797806,MYS
2012-12-31,9708.9369943413,MYS
2011-12-31,9377.1875667454,MYS
2010-12-31,9071.356986721,MYS
2009-12-31,8635.116721824,MYS
2008-12-31,9020.3997025454,MYS
2007-12-31,8889.6841917541,MYS
2006-12-31,8273.6619894265,MYS
2005-12-31,7983.8914936947,MYS
2004-12-31,7725.8450204192,MYS
2003-12-31,7377.3081937676,MYS
2002-12-31,7114.8167410413,MYS
2001-12-31,6893.2805132721,MYS
2000-12-31,7009.6017399355,MYS
1999-12-31,6589.6037488628,MYS
1998-12-31,6360.9493312073,MYS
1997-12-31,7040.7904714552,MYS
1996-12-31,6729.5239404062,MYS
1995-12-31,6275.1157565462,MYS
1994-12-31,5858.9481063924,MYS
1993-12-31,5500.1169703286,MYS
1992-12-31,5131.831203131,MYS
1991-12-31,4835.9919206942,MYS
1990-12-31,4534.7951675006,MYS
1989-12-31,4279.1649271835,MYS
1988-12-31,4040.8829056617,MYS
1987-12-31,3787.3753683323,MYS
1986-12-31,3701.2450665232,MYS
1985-12-31,3763.7176255856,MYS
1984-12-31,3908.4932186019,MYS
1983-12-31,3718.2670551172,MYS
1982-12-31,3583.6926532798,MYS
1981-12-31,3463.3337651011,MYS
1980-12-31,3317.3121099107,MYS
1979-12-31,3164.9856921364,MYS
1978-12-31,2968.7434270319,MYS
1977-12-31,2855.9450584833,MYS
1976-12-31,2718.7399002954,MYS
1975-12-31,2498.3538205957,MYS
1974-12-31,2539.2681371486,MYS
1973-12-31,2400.7824896455,MYS
1972-12-31,2199.9836889316,MYS
1971-12-31,2058.9059245005,MYS
1970-12-31,1993.449571016,MYS
1969-12-31,1926.2721221493,MYS
1968-12-31,1881.3332313804,MYS
1967-12-31,1785.9708035911,MYS
1966-12-31,1764.6422982222,MYS
1965-12-31,1681.9622916989,MYS
1964-12-31,1607.9408857968,MYS
1963-12-31,1573.7517269842,MYS
1962-12-31,1513.5931824702,MYS
1961-12-31,1468.620178276,MYS
1960-12-31,1408.6459893394,MYS
2016-12-31,90344.414716269,NOR
2015-12-31,90132.389162587,NOR
2014-12-31,89274.95614049,NOR
2013-12-31,88538.697651382,NOR
2012-12-31,88689.49095774,NOR
2011-12-31,87481.148348936,NOR
2010-12-31,87770.26684434,NOR
2009-12-31,88259.967719831,NOR
2008-12-31,90917.541755308,NOR
2007-12-31,91617.279152267,NOR
2006-12-31,89887.019517036,NOR
2005-12-31,88494.364327699,NOR
2004-12-31,86820.341309994,NOR
2003-12-31,84008.961695493,NOR
2002-12-31,83732.938943883,NOR
2001-12-31,82992.531860025,NOR
2000-12-31,81709.662940204,NOR
1999-12-31,79687.508244298,NOR
1998-12-31,78651.55088441,NOR
1997-12-31,77097.892577878,NOR
1996-12-31,73626.157761275,NOR
1995-12-31,70457.693102406,NOR
1994-12-31,67999.732710691,NOR
1993-12-31,65097.067566862,NOR
1992-12-31,63673.976491941,NOR
1991-12-31,61832.412957477,NOR
1990-12-31,60268.657940094,NOR
1989-12-31,59329.916334872,NOR
1988-12-31,58963.135464176,NOR
1987-12-31,59432.930469174,NOR
1986-12-31,58682.827096367,NOR
1985-12-31,56604.382253573,NOR
1984-12-31,53787.177309229,NOR
1983-12-31,50860.855160908,NOR
1982-12-31,49079.690430318,NOR
1981-12-31,49144.626186647,NOR
1980-12-31,48538.244017105,NOR
1979-12-31,46568.727335768,NOR
1978-12-31,44770.021042535,NOR
1977-12-31,43267.125773675,NOR
1976-12-31,41714.733247474,NOR
1975-12-31,39603.706546118,NOR
1974-12-31,37943.884962052,NOR
1973-12-31,36738.731025898,NOR
1972-12-31,35392.302064633,NOR
1971-12-31,33859.127245685,NOR
1970-12-31,32276.271973319,NOR
1969-12-31,31882.78057935,NOR
1968-12-31,30758.068177104,NOR
1967-12-31,30332.24002864,NOR
1966-12-31,28786.159685194,NOR
1965-12-31,27958.259275881,NOR
1964-12-31,26761.903721266,NOR
1963-12-31,25678.429677388,NOR
1962-12-31,24929.725377191,NOR
1961-12-31,24443.005132825,NOR
1960-12-31,23183.559831932,NOR
2016-12-31,7503.2703812216,ZAF
2015-12-31,7604.356690891,ZAF
2014-12-31,7626.8101829335,ZAF
2013-12-31,7616.779117112,ZAF
2012-12-31,7545.7832233254,ZAF
2011-12-31,7493.3031210329,ZAF
2010-12-31,7361.7558503562,ZAF
2009-12-31,7247.4493884642,ZAF
2008-12-31,7464.3716554642,ZAF
2007-12-31,7333.239857521,ZAF
2006-12-31,7053.9446997357,ZAF
2005-12-31,6767.6325840272,ZAF
2004-12-31,6511.1401344787,ZAF
2003-12-31,6305.7879101248,ZAF
2002-12-31,6200.3165805997,ZAF
2001-12-31,6052.5593171443,ZAF
2000-12-31,5945.9988105233,ZAF
1999-12-31,5794.4065168932,ZAF
1998-12-31,5745.3023656352,ZAF
1997-12-31,5803.9578192574,ZAF
1996-12-31,5749.5795451472,ZAF
1995-12-31,5616.4234915374,ZAF
1994-12-31,5563.3322021975,ZAF
1993-12-31,5516.7594855586,ZAF
1992-12-31,5586.7048249903,ZAF
1991-12-31,5853.2550315087,ZAF
1990-12-31,6057.9350659676,ZAF
1989-12-31,6217.2205644997,ZAF
1988-12-31,6204.5707036311,ZAF
1987-12-31,6081.0386636845,ZAF
1986-12-31,6084.7247484323,ZAF
1985-12-31,6222.0739888667,ZAF
1984-12-31,6450.54453757,ZAF
1983-12-31,6292.934946436,ZAF
1982-12-31,6578.6069884017,ZAF
1981-12-31,6777.1292340248,ZAF
1980-12-31,6598.6044121583,ZAF
1979-12-31,6345.1804942527,ZAF
1978-12-31,6265.0740456019,ZAF
1977-12-31,6231.4043586847,ZAF
1976-12-31,6392.4350165132,ZAF
1975-12-31,6411.1873838375,ZAF
1974-12-31,6469.938002617,ZAF
1973-12-31,6261.4596286914,ZAF
1972-12-31,6151.1770977799,ZAF
1971-12-31,6215.943597929,ZAF
1970-12-31,6120.958565308,ZAF
1969-12-31,5968.5788701786,ZAF
1968-12-31,5846.7772938074,ZAF
1967-12-31,5756.6662280213,ZAF
1966-12-31,5507.2051203856,ZAF
1965-12-31,5409.235578665,ZAF
1964-12-31,5230.670091491,ZAF
1963-12-31,4974.2708687529,ZAF
1962-12-31,4755.9626180218,ZAF
1961-12-31,4597.7555156438,ZAF
1960-12-31,4542.9930979058,ZAF
2016-12-31,25458.887008924,KOR
2015-12-31,24870.770896439,KOR
2014-12-31,24323.57283758,KOR
2013-12-31,23685.406711043,KOR
2012-12-31,23123.761357551,KOR
2011-12-31,22724.705570781,KOR
2010-12-31,22086.95291932,KOR
2009-12-31,20843.134800493,KOR
2008-12-31,20803.500540402,KOR
2007-12-31,20385.32003796,KOR
2006-12-31,19427.189841436,KOR
2005-12-31,18568.362814706,KOR
2004-12-31,17905.22579145,KOR
2003-12-31,17136.661567113,KOR
2002-12-31,16734.845664021,KOR
2001-12-31,15667.378459426,KOR
2000-12-31,15104.521517646,KOR
1999-12-31,13983.412829036,KOR
1998-12-31,12652.353485339,KOR
1997-12-31,13481.626171285,KOR
1996-12-31,12847.770996661,KOR
1995-12-31,12055.231288441,KOR
1994-12-31,11113.513096985,KOR
1993-12-31,10279.547275883,KOR
1992-12-31,9719.0620043863,KOR
1991-12-31,9249.3887920015,KOR
1990-12-31,8464.9370501166,KOR
1989-12-31,7784.9413548964,KOR
1988-12-31,7345.9264215352,KOR
1987-12-31,6629.0415219247,KOR
1986-12-31,5952.549011685,KOR
1985-12-31,5405.3542761125,KOR
1984-12-31,5066.2221070734,KOR
1983-12-31,4644.1437462986,KOR
1982-12-31,4161.9832725167,KOR
1981-12-31,3904.1280135138,KOR
1980-12-31,3699.8499102724,KOR
1979-12-31,3823.0021832662,KOR
1978-12-31,3573.2214474535,KOR
1977-12-31,3275.0501527607,KOR
1976-12-31,2962.7528149935,KOR
1975-12-31,2661.3891107867,KOR
1974-12-31,2509.2194989639,KOR
1973-12-31,2331.9429937378,KOR
1972-12-31,2067.0520475836,KOR
1971-12-31,1965.6387332977,KOR
1970-12-31,1815.0177529679,KOR
1969-12-31,1686.4915844221,KOR
1968-12-31,1506.0947205361,KOR
1967-12-31,1361.841748685,KOR
1966-12-31,1277.5428825095,KOR
1965-12-31,1169.8796320987,KOR
1964-12-31,1119.5741438319,KOR
1963-12-31,1049.9256058683,KOR
1962-12-31,988.70889731927,KOR
1961-12-31,979.77453351678,KOR
1960-12-31,944.29244834717,KOR
2016-12-31,6089.4034682758,PER
2015-12-31,5936.0178396787,PER
2014-12-31,5823.9643413917,PER
2013-12-31,5765.8871375688,PER
2012-12-31,5520.5591669597,PER
2011-12-31,5270.9487467432,PER
2010-12-31,5022.4931909637,PER
2009-12-31,4695.6751665672,PER
2008-12-31,4703.0799281635,PER
2007-12-31,4362.9489916322,PER
2006-12-31,4069.7770980411,PER
2005-12-31,3831.3648507771,PER
2004-12-31,3649.3720481147,PER
2003-12-31,3520.2753216078,PER
2002-12-31,3422.238348507,PER
2001-12-31,3287.285775546,PER
2000-12-31,3310.7799931643,PER
1999-12-31,3268.5109643701,PER
1998-12-31,3266.5732647618,PER
1997-12-31,3328.5954748402,PER
1996-12-31,3175.5356197658,PER
1995-12-31,3140.7721892451,PER
1994-12-31,2975.980553486,PER
1993-12-31,2699.5625367609,PER
1992-12-31,2615.5088860008,PER
1991-12-31,2683.2926713903,PER
1990-12-31,2679.9347930585,PER
1989-12-31,2880.8910085067,PER
1988-12-31,3357.5025415329,PER
1987-12-31,3790.6027153898,PER
1986-12-31,3533.2888688519,PER
1985-12-31,3303.4877169947,PER
1984-12-31,3312.2499639025,PER
1983-12-31,3272.1308626838,PER
1982-12-31,3739.3728696409,PER
1981-12-31,3838.9626684257,PER
1980-12-31,3727.843873358,PER
1979-12-31,3609.0212540179,PER
1978-12-31,3558.364733448,PER
1977-12-31,3752.7438576753,PER
1976-12-31,3840.4570673649,PER
1975-12-31,3887.5755172436,PER
1974-12-31,3827.057492442,PER
1973-12-31,3591.9238386406,PER
1972-12-31,3469.8822308116,PER
1971-12-31,3443.3503269993,PER
1970-12-31,3381.8640194566,PER
1969-12-31,3362.1157619573,PER
1968-12-31,3338.7814702315,PER
1967-12-31,3427.9590222808,PER
1966-12-31,3394.9850871703,PER
1965-12-31,3226.7214264196,PER
1964-12-31,3143.4421325005,PER
1963-12-31,3036.2484840588,PER
1962-12-31,2995.2298537143,PER
1961-12-31,2801.0731617995,PER
1960-12-31,2684.2395809907,PER
2016-12-31,2753.3498622999,PHL
2015-12-31,2615.6591018394,PHL
2014-12-31,2505.8188650187,PHL
2013-12-31,2399.6071898485,PHL
2012-12-31,2278.6357262234,PHL
2011-12-31,2171.4921815106,PHL
2010-12-31,2129.4992465562,PHL
2009-12-31,2010.7992635571,PHL
2008-12-31,2020.1503929764,PHL
2007-12-31,1971.2816883033,PHL
2006-12-31,1880.1923172471,PHL
2005-12-31,1818.315432311,PHL
2004-12-31,1768.1069120201,PHL
2003-12-31,1689.9800777356,PHL
2002-12-31,1643.2043903648,PHL
2001-12-31,1618.9697877762,PHL
2000-12-31,1607.20156235,PHL
1999-12-31,1572.6878604525,PHL
1998-12-31,1559.2092140969,PHL
1997-12-31,1603.2168684791,PHL
1996-12-31,1558.7138086044,PHL
1995-12-31,1506.5842999095,PHL
1994-12-31,1472.9829121062,PHL
1993-12-31,1444.6477316694,PHL
1992-12-31,1448.9426691761,PHL
1991-12-31,1479.6988124989,PHL
1990-12-31,1525.8124281907,PHL
1989-12-31,1518.9810207624,PHL
1988-12-31,1467.8223213964,PHL
1987-12-31,1411.727368053,PHL
1986-12-31,1389.977244019,PHL
1985-12-31,1380.6818984065,PHL
1984-12-31,1530.3537544704,PHL
1983-12-31,1696.8254019571,PHL
1982-12-31,1711.7270411471,PHL
1981-12-31,1697.8146515182,PHL
1980-12-31,1687.2888610068,PHL
1979-12-31,1649.3106810517,PHL
1978-12-31,1604.6789867178,PHL
1977-12-31,1568.2671289513,PHL
1976-12-31,1526.6624961744,PHL
1975-12-31,1442.7168123126,PHL
1974-12-31,1405.6452158673,PHL
1973-12-31,1396.4383166305,PHL
1972-12-31,1319.2780229651,PHL
1971-12-31,1287.6066295559,PHL
1970-12-31,1256.9967942067,PHL
1969-12-31,1246.8120947235,PHL
1968-12-31,1226.2556269343,PHL
1967-12-31,1203.0130338702,PHL
1966-12-31,1176.5744302333,PHL
1965-12-31,1161.4629992079,PHL
1964-12-31,1138.3840569691,PHL
1963-12-31,1136.3324109664,PHL
1962-12-31,1096.7537244585,PHL
1961-12-31,1082.1109440168,PHL
1960-12-31,1059.3347010861,PHL
2016-12-31,15074.733788871,POL
2015-12-31,14640.154371599,POL
2014-12-31,14088.746175605,POL
2013-12-31,13630.689744439,POL
2012-12-31,13435.457637109,POL
2011-12-31,13222.814995284,POL
2010-12-31,12597.862389964,POL
2009-12-31,12124.607195457,POL
2008-12-31,11800.034383635,POL
2007-12-31,11320.552874905,POL
2006-12-31,10570.773902676,POL
2005-12-31,9949.2528394559,POL
2004-12-31,9609.169634522,POL
2003-12-31,9134.4360689949,POL
2002-12-31,8814.2673062531,POL
2001-12-31,8633.9152271881,POL
2000-12-31,8525.1395021208,POL
1999-12-31,8068.6747608847,POL
1998-12-31,7710.0864099906,POL
1997-12-31,7372.6229509334,POL
1996-12-31,6929.8154269374,POL
1995-12-31,6539.0466717687,POL
1994-12-31,6122.3131282018,POL
1993-12-31,5826.8423704125,POL
1992-12-31,5631.1768388296,POL
1991-12-31,5509.9003042905,POL
1990-12-31,5946.6708499161,POL
2016-12-31,21395.359780258,SAU
2015-12-31,21507.955693329,SAU
2014-12-31,21183.464887521,SAU
2013-12-31,21005.012122659,SAU
2012-12-31,21056.347147221,SAU
2011-12-31,20575.497950635,SAU
2010-12-31,19259.587256846,SAU
2009-12-31,18861.109998395,SAU
2008-12-31,19792.720383654,SAU
2007-12-31,19136.159233542,SAU
2006-12-31,19304.550231795,SAU
2005-12-31,19309.312067067,SAU
2004-12-31,18822.730041197,SAU
2003-12-31,17954.949793684,SAU
2002-12-31,16619.434659034,SAU
2001-12-31,17585.390454968,SAU
2000-12-31,18263.230081819,SAU
1999-12-31,17690.917568779,SAU
1998-12-31,18763.585928192,SAU
1997-12-31,18588.304345383,SAU
1996-12-31,18744.780514533,SAU
1995-12-31,18648.856867078,SAU
1994-12-31,19041.058398308,SAU
1993-12-31,19413.782932758,SAU
1992-12-31,20226.854221263,SAU
1991-12-31,20040.495704179,SAU
1990-12-31,18002.738727262,SAU
1989-12-31,16194.514298858,SAU
1988-12-31,16921.548685889,SAU
1987-12-31,15608.752709343,SAU
1986-12-31,17509.058825531,SAU
1985-12-31,15734.73736992,SAU
1984-12-31,18427.00473938,SAU
1983-12-31,20512.784348621,SAU
1982-12-31,26017.961880556,SAU
1981-12-31,34979.348501895,SAU
1980-12-31,36518.045016876,SAU
1979-12-31,36676.579816676,SAU
1978-12-31,34657.430840507,SAU
1977-12-31,38557.214887078,SAU
1976-12-31,37905.118963342,SAU
1975-12-31,33860.391586526,SAU
1974-12-31,39125.445624191,SAU
1973-12-31,35393.583566115,SAU
1972-12-31,29931.470714612,SAU
1971-12-31,25517.18413535,SAU
1970-12-31,22133.904924203,SAU
1969-12-31,14541.537402128,SAU
1968-12-31,14253.525051697,SAU
2016-12-31,5901.8841230531,THA
2015-12-31,5733.9214472682,THA
2014-12-31,5589.6987322749,THA
2013-12-31,5561.2915329494,THA
2012-12-31,5437.237091632,THA
2011-12-31,5093.580500344,THA
2010-12-31,5075.3021763953,THA
2009-12-31,4743.6904717103,THA
2008-12-31,4800.8105371019,THA
2007-12-31,4744.3332273973,THA
2006-12-31,4525.1592817616,THA
2005-12-31,4337.2633567905,THA
2004-12-31,4190.0322756979,THA
2003-12-31,3969.4155657393,THA
2002-12-31,3731.0271070603,THA
2001-12-31,3544.2083435956,THA
2000-12-31,3458.0539314162,THA
1999-12-31,3345.1560154561,THA
1998-12-31,3235.7322429727,THA
1997-12-31,3545.3880610431,THA
1996-12-31,3688.9342034806,THA
1995-12-31,3530.2939849308,THA
1994-12-31,3297.8677935288,THA
1993-12-31,3081.7530354913,THA
1992-12-31,2872.7978718501,THA
1991-12-31,2684.8452313224,THA
1990-12-31,2502.71271791,THA
1989-12-31,2283.0896495592,THA
1988-12-31,2067.7263492033,THA
1987-12-31,1857.2536363314,THA
1986-12-31,1726.801607747,THA
1985-12-31,1666.2805506203,THA
1984-12-31,1621.3631909871,THA
1983-12-31,1561.3318938917,THA
1982-12-31,1506.3279608537,THA
1981-12-31,1457.3107128666,THA
1980-12-31,1403.6809320265,THA
1979-12-31,1362.6132049789,THA
1978-12-31,1321.300215868,THA
1977-12-31,1225.1328416251,THA
1976-12-31,1141.8011515984,THA
1975-12-31,1070.3424112165,THA
1974-12-31,1046.2382968985,THA
1973-12-31,1028.8013601228,THA
1972-12-31,959.62018027096,THA
1971-12-31,946.83962812456,THA
1970-12-31,929.08163225636,THA
1969-12-31,858.57530061946,THA
1968-12-31,829.78215224527,THA
1967-12-31,790.45062509105,THA
1966-12-31,749.70771664431,THA
1965-12-31,695.15398027252,THA
1964-12-31,662.17026807733,THA
1963-12-31,638.74065767198,THA
1962-12-31,609.44638309518,THA
1961-12-31,583.84296493236,THA
1960-12-31,570.85703994813,THA
2016-12-31,14116.980057583,TUR
2015-12-31,13898.299097407,TUR
2014-12-31,13312.024434461,TUR
2013-12-31,12865.679021276,TUR
2012-12-31,12052.33007787,TUR
2011-12-31,11683.226418998,TUR
2010-12-31,10672.054820863,TUR
2009-12-31,9973.3405685518,TUR
2008-12-31,10599.288184368,TUR
2007-12-31,10637.719113815,TUR
2006-12-31,10251.045464253,TUR
2005-12-31,9691.8159457902,TUR
2004-12-31,9009.5945249067,TUR
2003-12-31,8331.7578918859,TUR
2002-12-31,8003.4793936022,TUR
2001-12-31,7631.4031830935,TUR
2000-12-31,8237.3421579095,TUR
1999-12-31,7842.5938624735,TUR
1998-12-31,8244.4966265909,TUR
1997-12-31,8186.2414894473,TUR
1996-12-31,7731.1749847164,TUR
1995-12-31,7315.1764315255,TUR
1994-12-31,6889.5940514194,TUR
1993-12-31,7343.093527689,TUR
1992-12-31,6931.9004060573,TUR
1991-12-31,6708.8812674179,TUR
1990-12-31,6774.4067501058,TUR
1989-12-31,6308.6347305529,TUR
1988-12-31,6403.8165580592,TUR
1987-12-31,6375.2687913405,TUR
1986-12-31,5935.8851295709,TUR
1985-12-31,5659.2177880383,TUR
1984-12-31,5544.0241778994,TUR
1983-12-31,5310.1701032217,TUR
1982-12-31,5173.8921215581,TUR
1981-12-31,5111.0347535633,TUR
1980-12-31,4986.5254498974,TUR
1979-12-31,5228.3680606058,TUR
1978-12-31,5380.6019254521,TUR
1977-12-31,5421.0740415013,TUR
1976-12-31,5362.3237738344,TUR
1975-12-31,4967.2433450537,TUR
1974-12-31,4744.2946633999,TUR
1973-12-31,4600.6019776584,TUR
1972-12-31,4563.0326737381,TUR
1971-12-31,4350.6700116148,TUR
1970-12-31,4221.0216860958,TUR
1969-12-31,4187.3705985853,TUR
1968-12-31,4119.8288148414,TUR
1967-12-31,3950.7932401032,TUR
1966-12-31,3862.7171826103,TUR
1965-12-31,3556.7548263591,TUR
1964-12-31,3542.4329838851,TUR
1963-12-31,3440.1480864686,TUR
1962-12-31,3230.5972858669,TUR
1961-12-31,3134.6774382198,TUR
1960-12-31,3174.9424983163,TUR
2016-12-31,2905.8574403437,UKR
2015-12-31,2828.8853902998,UKR
2014-12-31,3123.9155722625,UKR
2013-12-31,3160.0837358016,UKR
2012-12-31,3153.739244692,UKR
2011-12-31,3138.4650700149,UKR
2010-12-31,2965.1423654977,UKR
2009-12-31,2834.3432451346,UKR
2008-12-31,3311.958409541,UKR
2007-12-31,3220.0135574842,UKR
2006-12-31,2966.5000622377,UKR
2005-12-31,2746.049802029,UKR
2004-12-31,2654.3335476856,UKR
2003-12-31,2349.9315077158,UKR
2002-12-31,2130.6585585667,UKR
2001-12-31,2005.3151415288,UKR
2000-12-31,1817.9971010936,UKR
1999-12-31,1699.5174728277,UKR
1998-12-31,1686.9417870992,UKR
1997-12-31,1704.3140236587,UKR
1996-12-31,1741.0887143969,UKR
1995-12-31,1917.4513715329,UKR
1994-12-31,2166.6930208063,UKR
1993-12-31,2797.5684059845,UKR
1992-12-31,3263.3718571305,UKR
1991-12-31,3624.2926334875,UKR
1990-12-31,3965.382722604,UKR
1989-12-31,4243.77461395,UKR
1988-12-31,4105.5207483539,UKR
1987-12-31,4020.5832061597,UKR
2016-12-31,52262.784161385,USA
2015-12-31,51855.91347959,USA
2014-12-31,50782.520695343,USA
2013-12-31,49976.628766622,USA
2012-12-31,49497.585853142,USA
2011-12-31,48783.468586641,USA
2010-12-31,48373.878815578,USA
2009-12-31,47575.608562749,USA
2008-12-31,49364.644550034,USA
2007-12-31,49979.53384292,USA
2006-12-31,49575.401013591,USA
2005-12-31,48755.616060673,USA
2004-12-31,47614.279862177,USA
2003-12-31,46304.036089561,USA
2002-12-31,45428.645678127,USA
2001-12-31,45047.487197684,USA
2000-12-31,45055.817918284,USA
1999-12-31,43768.884992833,USA
1998-12-31,42292.891201143,USA
1997-12-31,40965.846645052,USA
1996-12-31,39681.519857903,USA
1995-12-31,38677.715088366,USA
1994-12-31,38104.972467563,USA
1993-12-31,37078.04968394,USA
1992-12-31,36566.173769853,USA
1991-12-31,35803.868421344,USA
1990-12-31,36312.414182587,USA
1989-12-31,36033.330202699,USA
1988-12-31,35083.969042818,USA
1987-12-31,33975.654795306,USA
1986-12-31,33133.695444191,USA
1985-12-31,32306.833056774,USA
1984-12-31,31268.975644652,USA
1983-12-31,29406.257468605,USA
1982-12-31,28362.494616341,USA
1981-12-31,29191.999487942,USA
1980-12-31,28734.399259765,USA
1979-12-31,29082.593777965,USA
1978-12-31,28500.240457353,USA
1977-12-31,27286.251514491,USA
1976-12-31,26347.809281996,USA
1975-12-31,25239.919905729,USA
1974-12-31,25540.501003021,USA
1973-12-31,25908.912801722,USA
1972-12-31,24760.145377235,USA
1971-12-31,23775.276922966,USA
1970-12-31,23309.620945906,USA
1969-12-31,22850.010833783,USA
1968-12-31,22380.606767319,USA
1967-12-31,21569.835608886,USA
1966-12-31,21274.135489011,USA
1965-12-31,20207.749537694,USA
1964-12-31,19231.17185906,USA
1963-12-31,18431.158404047,USA
1962-12-31,17910.278790168,USA
1961-12-31,17142.19376739,USA
1960-12-31,17036.885169588,USA
2016-12-31,3759.2296389769,LKA
2015-12-31,3642.206901402,LKA
2014-12-31,3506.7318278257,LKA
2013-12-31,3371.1827158038,LKA
2012-12-31,3286.007721906,LKA
2011-12-31,3033.564962894,LKA
2010-12-31,2819.5111605615,LKA
2009-12-31,2630.0118979731,LKA
2008-12-31,2559.4743085948,LKA
2007-12-31,2434.0369230716,LKA
2006-12-31,2296.4087982222,LKA
2005-12-31,2149.0390827885,LKA
2004-12-31,2038.0360931556,LKA
2003-12-31,1947.4803781063,LKA
2002-12-31,1852.2586227088,LKA
2001-12-31,1795.0821347183,LKA
2000-12-31,1837.1373916345,LKA
1999-12-31,1744.651134786,LKA
1998-12-31,1682.4293393416,LKA
1997-12-31,1615.8744267786,LKA
1996-12-31,1528.0254093567,LKA
1995-12-31,1483.1634950331,LKA
1994-12-31,1418.5557698867,LKA
1993-12-31,1357.2728696735,LKA
1992-12-31,1284.4455678703,LKA
1991-12-31,1245.8099275835,LKA
1990-12-31,1206.9237846428,LKA
1989-12-31,1150.2900693991,LKA
1988-12-31,1141.2417871003,LKA
1987-12-31,1131.0166273521,LKA
1986-12-31,1129.5282433237,LKA
1985-12-31,1099.6140220972,LKA
1984-12-31,1063.9242399521,LKA
1983-12-31,1028.4082159659,LKA
1982-12-31,996.968507827,LKA
1981-12-31,973.37638997873,LKA
1980-12-31,927.13462674876,LKA
1979-12-31,892.57222571468,LKA
1978-12-31,855.52633185974,LKA
1977-12-31,824.14840954586,LKA
1976-12-31,797.01447608248,LKA
1975-12-31,783.92115828687,LKA
1974-12-31,750.45704566745,LKA
1973-12-31,733.31879827792,LKA
1972-12-31,697.22702952858,LKA
1971-12-31,709.53478512849,LKA
1970-12-31,710.23180061088,LKA
1969-12-31,698.54899078484,LKA
1968-12-31,662.56534312561,LKA
1967-12-31,641.70137691545,LKA
1966-12-31,616.79554875055,LKA
1965-12-31,601.75786987296,LKA
1964-12-31,600.91796026782,LKA
1963-12-31,595.86928502238,LKA
1962-12-31,588.97743333918,LKA
1961-12-31,582.66060519497,LKA
1960-12-31,336.72441461667,LKA
2016-12-31,56586.862733573,SWE
2015-12-31,55395.05870784,SWE
2014-12-31,53561.892120933,SWE
2013-12-31,52722.912296992,SWE
2012-12-31,52519.680436903,SWE
2011-12-31,53061.568572442,SWE
2010-12-31,52076.255913486,SWE
2009-12-31,49554.343427972,SWE
2008-12-31,52711.198265589,SWE
2007-12-31,53421.020238141,SWE
2006-12-31,52046.481508632,SWE
2005-12-31,49996.175215894,SWE
2004-12-31,48820.606087947,SWE
2003-12-31,46983.077264445,SWE
2002-12-31,46059.366785156,SWE
2001-12-31,45270.781070185,SWE
2000-12-31,44693.736596916,SWE
1999-12-31,42741.622864114,SWE
1998-12-31,40921.152459884,SWE
1997-12-31,39283.44555291,SWE
1996-12-31,38198.019551451,SWE
1995-12-31,37686.825270615,SWE
1994-12-31,36419.458569443,SWE
1993-12-31,35238.793968569,SWE
1992-12-31,36191.650814569,SWE
1991-12-31,36831.273889912,SWE
1990-12-31,37513.079804499,SWE
1989-12-31,37520.868834226,SWE
1988-12-31,36795.197174584,SWE
1987-12-31,36042.358604165,SWE
1986-12-31,34989.337776183,SWE
1985-12-31,34151.674842269,SWE
1984-12-31,33484.734572483,SWE
1983-12-31,32155.161943307,SWE
1982-12-31,31569.697161405,SWE
1981-12-31,31198.196717143,SWE
1980-12-31,31094.206244165,SWE
1979-12-31,30636.577532907,SWE
1978-12-31,29568.090937039,SWE
1977-12-31,29143.834305886,SWE
1976-12-31,29721.964307115,SWE
1975-12-31,29517.925160042,SWE
1974-12-31,28897.707179913,SWE
1973-12-31,28083.514205539,SWE
1972-12-31,27058.293843393,SWE
1971-12-31,26531.140941933,SWE
1970-12-31,26464.33573525,SWE
1969-12-31,25190.519561995,SWE
1968-12-31,24157.940216897,SWE
1967-12-31,23441.237889084,SWE
1966-12-31,22852.671164888,SWE
1965-12-31,22598.666261892,SWE
1964-12-31,21972.834698494,SWE
1963-12-31,20723.937843019,SWE
1962-12-31,19786.851530222,SWE
1961-12-31,19083.558969996,SWE
1960-12-31,18142.875876038,SWE
2015-12-31,12793.777326741,VEN
2014-12-31,13708.984743336,VEN
2013-12-31,14462.358180988,VEN
2012-12-31,14473.469852108,VEN
2011-12-31,13902.452289754,VEN
2010-12-31,13545.205838456,VEN
2009-12-31,13961.885774874,VEN
2008-12-31,14652.17842463,VEN
2007-12-31,14143.657950287,VEN
2006-12-31,13221.420660498,VEN
2005-12-31,12237.882953115,VEN
2004-12-31,11285.822526677,VEN
2003-12-31,9710.2652973646,VEN
2002-12-31,10717.138919508,VEN
2001-12-31,11975.330817073,VEN
2000-12-31,11799.83313103,VEN
1999-12-31,11597.945415652,VEN
1998-12-31,12574.690218305,VEN
1997-12-31,12786.990276453,VEN
1996-12-31,12265.309211155,VEN
1995-12-31,12545.197368977,VEN
1994-12-31,12325.100207673,VEN
1993-12-31,12896.422333605,VEN
1992-12-31,13148.144294635,VEN
1991-12-31,12681.573215654,VEN
1990-12-31,11830.632682049,VEN
1989-12-31,11383.359708131,VEN
1988-12-31,12763.57436584,VEN
1987-12-31,12371.988837089,VEN
1986-12-31,12256.107810111,VEN
1985-12-31,11809.618283383,VEN
1984-12-31,12097.971136718,VEN
1983-12-31,12242.074261995,VEN
1982-12-31,13060.088036541,VEN
1981-12-31,13695.116109925,VEN
1980-12-31,14119.321401397,VEN
1979-12-31,15180.239688881,VEN
1978-12-31,15485.959252185,VEN
1977-12-31,15557.265846022,VEN
1976-12-31,15053.376258175,VEN
1975-12-31,14369.029597009,VEN
1974-12-31,14358.9506377,VEN
1973-12-31,14465.325238529,VEN
1972-12-31,13890.415776525,VEN
1971-12-31,14115.006194518,VEN
1970-12-31,14329.419572883,VEN
1969-12-31,13720.57548658,VEN
1968-12-31,14066.963373426,VEN
1967-12-31,13545.978458549,VEN
1966-12-31,13629.562485204,VEN
1965-12-31,13905.719549293,VEN
1964-12-31,13840.853941391,VEN
1963-12-31,12926.571503617,VEN
1962-12-31,12922.104017706,VEN
1961-12-31,12368.949355282,VEN
1960-12-31,12449.499417237,VEN
2016-12-31,76694.002345196,CHE
2015-12-31,76472.459487706,CHE
2014-12-31,76410.856658994,CHE
2013-12-31,75499.70674381,CHE
2012-12-31,74984.13711861,CHE
2011-12-31,75029.757819181,CHE
2010-12-31,74605.721020705,CHE
2009-12-31,73189.192549719,CHE
2008-12-31,75793.633040804,CHE
2007-12-31,75143.702215382,CHE
2006-12-31,72823.837257683,CHE
2005-12-31,70471.438520124,CHE
2004-12-31,68781.612591166,CHE
2003-12-31,67385.297665494,CHE
2002-12-31,67860.244831941,CHE
2001-12-31,68264.526260374,CHE
2000-12-31,67807.92680855,CHE
1999-12-31,65607.209255377,CHE
1998-12-31,64822.294151106,CHE
1997-12-31,63127.739670947,CHE
1996-12-31,61833.00711081,CHE
1995-12-31,61773.096301719,CHE
1994-12-31,61889.665951548,CHE
1993-12-31,61602.790123497,CHE
1992-12-31,62244.796970764,CHE
1991-12-31,62962.391354415,CHE
1990-12-31,64343.518424722,CHE
1989-12-31,62703.528795617,CHE
1988-12-31,60588.597173145,CHE
1987-12-31,59098.518375806,CHE
1986-12-31,58542.711814348,CHE
1985-12-31,57774.344338905,CHE
1984-12-31,55973.701105354,CHE
1983-12-31,54534.426093274,CHE
1982-12-31,54420.971927492,CHE
1981-12-31,55466.163523868,CHE
1980-12-31,54891.434712898,CHE
2016-12-31,47909.404693528,AUT
2015-12-31,47834.787303262,AUT
2014-12-31,47886.559274462,AUT
2013-12-31,47928.762406073,AUT
2012-12-31,48149.722135102,AUT
2011-12-31,48011.705772923,AUT
2010-12-31,46858.043273372,AUT
2009-12-31,46082.050745638,AUT
2008-12-31,48027.52407375,AUT
2007-12-31,47444.021513559,AUT
2006-12-31,45934.535199766,AUT
2005-12-31,44665.708906833,AUT
2004-12-31,44028.529561821,AUT
2003-12-31,43135.404236373,AUT
2002-12-31,43020.739888234,AUT
2001-12-31,42528.701413878,AUT
2000-12-31,42122.936000598,AUT
1999-12-31,40848.408544163,AUT
1998-12-31,39509.573039816,AUT
1997-12-31,38193.281849929,AUT
1996-12-31,37411.651438509,AUT
1995-12-31,36584.780678839,AUT
1994-12-31,35688.669315994,AUT
1993-12-31,34985.886248227,AUT
1992-12-31,35090.721211601,AUT
1991-12-31,34751.514344528,AUT
1990-12-31,33932.391144193,AUT
1989-12-31,32767.965814886,AUT
1988-12-31,31684.32950426,AUT
1987-12-31,30716.827224943,AUT
1986-12-31,30324.714932717,AUT
1985-12-31,29661.367545179,AUT
1984-12-31,28951.882647736,AUT
1983-12-31,28935.223609032,AUT
1982-12-31,28054.419193764,AUT
1981-12-31,27521.028312401,AUT
1980-12-31,27631.171776584,AUT
1979-12-31,27160.913794742,AUT
1978-12-31,25736.050766361,AUT
1977-12-31,25769.507394501,AUT
1976-12-31,24533.12431779,AUT
1975-12-31,23417.654814192,AUT
1974-12-31,23440.868390876,AUT
1973-12-31,22590.260793059,AUT
1972-12-31,21656.662447863,AUT
1971-12-31,20509.682762752,AUT
1970-12-31,19514.869191552,AUT
1969-12-31,18474.540014233,AUT
1968-12-31,17443.704979075,AUT
1967-12-31,16783.88968718,AUT
1966-12-31,16416.00540412,AUT
1965-12-31,15648.526697825,AUT
1964-12-31,15220.819717682,AUT
1963-12-31,14438.356655594,AUT
1962-12-31,13953.950003339,AUT
1961-12-31,13677.464213088,AUT
1960-12-31,13031.031589825,AUT
2016-12-31,18085.089737946,EST
2015-12-31,17733.957655207,EST
2014-12-31,17453.36713299,EST
2013-12-31,16918.587114777,EST
2012-12-31,16538.212595831,EST
2011-12-31,15798.632778768,EST
2010-12-31,14638.604817346,EST
2009-12-31,14282.60349901,EST
2008-12-31,16716.503163248,EST
2007-12-31,17627.029720518,EST
2006-12-31,16285.0067216,EST
2005-12-31,14681.225374748,EST
2004-12-31,13346.398313831,EST
2003-12-31,12481.189613732,EST
2002-12-31,11546.772652366,EST
2001-12-31,10816.60315312,EST
2000-12-31,10108.205291257,EST
1999-12-31,9186.3929544977,EST
1998-12-31,9293.0755097424,EST
1997-12-31,8840.2610569351,EST
1996-12-31,7817.604638303,EST
1995-12-31,7313.7409041802,EST
2016-12-31,45825.490713883,FIN
2015-12-31,45086.735488785,FIN
2014-12-31,45239.368803162,FIN
2013-12-31,45715.646816353,FIN
2012-12-31,46277.556282871,FIN
2011-12-31,47171.0220648,FIN
2010-12-31,46202.415162845,FIN
2009-12-31,45065.753494359,FIN
2008-12-31,49363.697196482,FIN
2007-12-31,49239.193957244,FIN
2006-12-31,47011.657598012,FIN
2005-12-31,45353.259999708,FIN
2004-12-31,44277.84270265,FIN
2003-12-31,42729.024467158,FIN
2002-12-31,41993.689022188,FIN
2001-12-31,41399.943581057,FIN
2000-12-31,40450.373374894,FIN
1999-12-31,38372.222041335,FIN
1998-12-31,36824.847965247,FIN
1997-12-31,35021.58662697,FIN
1996-12-31,33059.096694305,FIN
1995-12-31,31997.004165002,FIN
1994-12-31,30822.608359714,FIN
1993-12-31,29782.543526669,FIN
1992-12-31,30148.435007374,FIN
1991-12-31,31360.954387065,FIN
1990-12-31,33514.923031274,FIN
1989-12-31,33437.884406967,FIN
1988-12-31,31934.107510095,FIN
1987-12-31,30441.131580031,FIN
1986-12-31,29478.42778617,FIN
1985-12-31,28789.486709614,FIN
1984-12-31,27922.283931564,FIN
1983-12-31,27197.714620022,FIN
1982-12-31,26532.209183882,FIN
1981-12-31,25882.207209725,FIN
1980-12-31,25660.58788651,FIN
1979-12-31,24424.29963371,FIN
1978-12-31,22858.81488885,FIN
1977-12-31,22274.200343897,FIN
1976-12-31,22283.226403649,FIN
1975-12-31,22273.793084079,FIN
1974-12-31,21976.229503235,FIN
1973-12-31,21399.00038089,FIN
1972-12-31,20116.005769232,FIN
1971-12-31,18783.126289611,FIN
1970-12-31,18373.79065166,FIN
1969-12-31,17377.440691585,FIN
1968-12-31,15847.101308079,FIN
1967-12-31,15560.018009967,FIN
1966-12-31,15312.411889681,FIN
1965-12-31,15013.662971127,FIN
1964-12-31,14305.213150432,FIN
1963-12-31,13668.943927765,FIN
1962-12-31,13328.081916059,FIN
1961-12-31,13030.459883856,FIN
1960-12-31,12195.328064268,FIN
2016-12-31,42013.28629135,FRA
2015-12-31,41689.707978534,FRA
2014-12-31,41431.039605172,FRA
2013-12-31,41249.451283509,FRA
2012-12-31,41224.72903393,FRA
2011-12-31,41349.190937744,FRA
2010-12-31,40703.342791198,FRA
2009-12-31,40116.379527281,FRA
2008-12-31,41545.293446992,FRA
2007-12-31,41696.690936564,FRA
2006-12-31,40987.552297179,FRA
2005-12-31,40316.809569154,FRA
2004-12-31,39979.118439904,FRA
2003-12-31,39182.78064788,FRA
2002-12-31,39140.714763659,FRA
2001-12-31,38990.305497777,FRA
2000-12-31,38522.21154354,FRA
1999-12-31,37339.982826574,FRA
1998-12-31,36295.93353734,FRA
1997-12-31,35178.938058505,FRA
1996-12-31,34497.285062485,FRA
1995-12-31,34145.704842856,FRA
1994-12-31,33569.329754259,FRA
1993-12-31,32922.364116787,FRA
1992-12-31,33269.147477228,FRA
1991-12-31,32908.55740713,FRA
1990-12-31,32596.005187623,FRA
1989-12-31,31852.750006031,FRA
1988-12-31,30706.691071636,FRA
1987-12-31,29499.257296463,FRA
1986-12-31,28934.193413759,FRA
1985-12-31,28437.24977999,FRA
1984-12-31,28144.023418986,FRA
1983-12-31,27876.663650796,FRA
1982-12-31,27677.450585212,FRA
1981-12-31,27132.702886216,FRA
1980-12-31,26962.258782852,FRA
1979-12-31,26641.929480773,FRA
1978-12-31,25811.802597908,FRA
1977-12-31,24907.28418889,FRA
1976-12-31,24174.746997999,FRA
1975-12-31,23298.340491745,FRA
1974-12-31,23690.600277538,FRA
1973-12-31,22903.302398175,FRA
1972-12-31,21739.884077143,FRA
1971-12-31,20985.170601888,FRA
1970-12-31,20090.770922721,FRA
1969-12-31,19148.508776073,FRA
1968-12-31,18023.810837596,FRA
1967-12-31,17409.965936338,FRA
1966-12-31,16764.23192106,FRA
1965-12-31,16087.922986158,FRA
1964-12-31,15532.634725898,FRA
1963-12-31,14775.059156282,FRA
1962-12-31,14224.481981772,FRA
1961-12-31,13524.449289875,FRA
1960-12-31,12991.267715789,FRA
2016-12-31,22749.310318622,GRC
2015-12-31,22648.769881399,GRC
2014-12-31,22565.680482543,GRC
2013-12-31,22251.257292413,GRC
2012-12-31,22830.526778772,GRC
2011-12-31,24495.71113452,GRC
2010-12-31,26917.758978725,GRC
2009-12-31,28514.810094261,GRC
2008-12-31,29874.743445673,GRC
2007-12-31,30054.88938838,GRC
2006-12-31,29176.39286649,GRC
2005-12-31,27698.510614847,GRC
2004-12-31,27614.405934628,GRC
2003-12-31,26349.277336236,GRC
2002-12-31,24965.594027122,GRC
2001-12-31,24111.417453533,GRC
2000-12-31,23275.44430605,GRC
1999-12-31,22489.315960045,GRC
1998-12-31,21902.738778458,GRC
1997-12-31,21198.790649606,GRC
1996-12-31,20389.318015387,GRC
1995-12-31,19909.529603091,GRC
1994-12-31,19591.399522049,GRC
1993-12-31,19303.666984465,GRC
1992-12-31,19733.290413085,GRC
1991-12-31,19746.382135944,GRC
1990-12-31,19383.934648323,GRC
1989-12-31,19590.06778638,GRC
1988-12-31,18971.64350581,GRC
1987-12-31,18257.804026946,GRC
1986-12-31,18742.316058041,GRC
1985-12-31,18707.568983241,GRC
1984-12-31,18320.584197745,GRC
1983-12-31,18049.183742024,GRC
1982-12-31,18352.439856488,GRC
1981-12-31,18677.475073221,GRC
1980-12-31,19143.124111028,GRC
1979-12-31,19202.055082615,GRC
1978-12-31,18825.090623972,GRC
1977-12-31,17782.120845891,GRC
1976-12-31,17500.312920664,GRC
1975-12-31,16634.474831323,GRC
1974-12-31,15786.269580038,GRC
1973-12-31,16934.802445068,GRC
1972-12-31,15738.282473094,GRC
1971-12-31,14379.900745062,GRC
1970-12-31,13392.308135886,GRC
1969-12-31,12434.225112683,GRC
1968-12-31,11355.574261331,GRC
1967-12-31,10715.588297467,GRC
1966-12-31,10241.814961917,GRC
1965-12-31,9724.5722020118,GRC
1964-12-31,8931.2839121288,GRC
1963-12-31,8279.9428073123,GRC
1962-12-31,7545.8572161694,GRC
1961-12-31,7476.2974573407,GRC
1960-12-31,6779.8867829559,GRC
2016-12-31,14009.998440332,URY
2015-12-31,13859.40739767,URY
2014-12-31,13856.695184356,URY
2013-12-31,13467.437839305,URY
2012-12-31,12913.10407951,URY
2011-12-31,12512.913481831,URY
2010-12-31,11938.21200471,URY
2009-12-31,11112.456033272,URY
2008-12-31,10698.052015718,URY
2007-12-31,10014.872020054,URY
2006-12-31,9424.5169938065,URY
2005-12-31,9068.2392115989,URY
2004-12-31,8442.549557559,URY
2003-12-31,8036.4792262401,URY
2002-12-31,7967.1625668353,URY
2001-12-31,8636.5452682747,URY
2000-12-31,8997.6601249686,URY
1999-12-31,9207.792289212,URY
1998-12-31,9438.8830569422,URY
1997-12-31,9089.1229066613,URY
1996-12-31,8432.6211424503,URY
1995-12-31,8044.6417504367,URY
1994-12-31,8221.9494453662,URY
1993-12-31,7720.4666027512,URY
1992-12-31,7576.1460892829,URY
1991-12-31,7070.5058981839,URY
1990-12-31,6877.2871745716,URY
1989-12-31,6903.5250046641,URY
1988-12-31,6872.3892595771,URY
1987-12-31,6814.5813387291,URY
1986-12-31,6349.6039706169,URY
1985-12-31,5872.5709553181,URY
1984-12-31,5824.9464688902,URY
1983-12-31,5930.2840313372,URY
1982-12-31,6652.2675773558,URY
1981-12-31,7419.9144018283,URY
1980-12-31,7354.2275417912,URY
1979-12-31,6995.6121789294,URY
1978-12-31,6633.1998108845,URY
1977-12-31,6336.4676229953,URY
1976-12-31,6280.0222635479,URY
1975-12-31,6066.2649826528,URY
1974-12-31,5730.0201632836,URY
1973-12-31,5572.7075583216,URY
1972-12-31,5558.6781305977,URY
1971-12-31,5639.3436581832,URY
1970-12-31,5670.6107163349,URY
1969-12-31,5570.5763969436,URY
1968-12-31,5300.4182441298,URY
1967-12-31,5248.8414252049,URY
1966-12-31,5502.5233747565,URY
1965-12-31,5395.1508880843,URY
1964-12-31,5397.7101310184,URY
1963-12-31,5329.6251424741,URY
1962-12-31,5384.392964283,URY
1961-12-31,5539.0189534783,URY
1960-12-31,5474.6215284448,URY
2016-12-31,34377.925750385,ITA
2015-12-31,33984.08746205,ITA
2014-12-31,33615.971781868,ITA
2013-12-31,33887.298167457,ITA
2012-12-31,34885.296895521,ITA
2011-12-31,35994.133581677,ITA
2010-12-31,35849.37319794,ITA
2009-12-31,35363.400461947,ITA
2008-12-31,37585.337352567,ITA
2007-12-31,38236.79561084,ITA
2006-12-31,37872.168355893,ITA
2005-12-31,37238.936529134,ITA
2004-12-31,37070.330515545,ITA
2003-12-31,36729.975541132,ITA
2002-12-31,36837.863985999,ITA
2001-12-31,36801.29381055,ITA
2000-12-31,36180.77833329,ITA
1999-12-31,34902.262126968,ITA
1998-12-31,34371.982018141,ITA
1997-12-31,33835.073132891,ITA
1996-12-31,33242.852299126,ITA
1995-12-31,32829.882751887,ITA
1994-12-31,31909.236710549,ITA
1993-12-31,31243.679022655,ITA
1992-12-31,31531.690020387,ITA
1991-12-31,31292.053094607,ITA
1990-12-31,30839.278333373,ITA
1989-12-31,30264.126825698,ITA
1988-12-31,29294.235129817,ITA
1987-12-31,28128.575136851,ITA
1986-12-31,27261.276625182,ITA
1985-12-31,26504.734260523,ITA
1984-12-31,25790.747981344,ITA
1983-12-31,24990.360939223,ITA
1982-12-31,24710.516523946,ITA
1981-12-31,24626.975675402,ITA
1980-12-31,24450.144305062,ITA
1979-12-31,23688.059146544,ITA
1978-12-31,22420.573880716,ITA
1977-12-31,21794.433662937,ITA
1976-12-31,21340.765803623,ITA
1975-12-31,20020.922571947,ITA
1974-12-31,20570.818383541,ITA
1973-12-31,19626.393604059,ITA
1972-12-31,18445.545571081,ITA
1971-12-31,17890.321293041,ITA
1970-12-31,17653.015557324,ITA
1969-12-31,16858.407590742,ITA
1968-12-31,15979.657538334,ITA
1967-12-31,15093.147256706,ITA
1966-12-31,14184.531875176,ITA
1965-12-31,13487.990045915,ITA
1964-12-31,13171.602085541,ITA
1963-12-31,12918.967451278,ITA
1962-12-31,12322.314514588,ITA
1961-12-31,11681.305473502,ITA
1960-12-31,10867.703659366,ITA
2016-12-31,45430.913067262,BEL
2015-12-31,45068.2542754,BEL
2014-12-31,44702.316894769,BEL
2013-12-31,44209.743354392,BEL
2012-12-31,44337.576770047,BEL
2011-12-31,44556.03680718,BEL
2010-12-31,44380.176632731,BEL
2009-12-31,43591.271882782,BEL
2008-12-31,44956.367334476,BEL
2007-12-31,44960.797862964,BEL
2006-12-31,43782.139554495,BEL
2005-12-31,42994.363653656,BEL
2004-12-31,42344.694833399,BEL
2003-12-31,41036.798264122,BEL
2002-12-31,40892.217724961,BEL
2001-12-31,40357.370757271,BEL
2000-12-31,40170.418927122,BEL
1999-12-31,38856.063498505,BEL
1998-12-31,37605.228055292,BEL
1997-12-31,36955.636196479,BEL
1996-12-31,35719.810234415,BEL
1995-12-31,35228.341916519,BEL
1994-12-31,34479.937551965,BEL
1993-12-31,33505.165502707,BEL
1992-12-31,33962.986385672,BEL
1991-12-31,33586.958310495,BEL
1990-12-31,33105.155243301,BEL
1989-12-31,32193.979305501,BEL
1988-12-31,31227.791748772,BEL
1987-12-31,29914.315472697,BEL
1986-12-31,29264.78991112,BEL
1985-12-31,28751.15909668,BEL
1984-12-31,28292.392599039,BEL
1983-12-31,27610.975418022,BEL
1982-12-31,27522.953628916,BEL
1981-12-31,27352.729595563,BEL
1980-12-31,27428.611886135,BEL
1979-12-31,26290.494179337,BEL
1978-12-31,25712.194118783,BEL
1977-12-31,25025.009881163,BEL
1976-12-31,24900.017108311,BEL
1975-12-31,23609.937103869,BEL
1974-12-31,24153.099161634,BEL
1973-12-31,23171.379356653,BEL
1972-12-31,21850.002871816,BEL
1971-12-31,20832.52408208,BEL
1970-12-31,20105.220065051,BEL
1969-12-31,19026.429650373,BEL
1968-12-31,17894.043802698,BEL
1967-12-31,17241.44737067,BEL
1966-12-31,16692.016988659,BEL
1965-12-31,16291.019656531,BEL
1964-12-31,15874.404690156,BEL
1963-12-31,14983.042605727,BEL
1962-12-31,14465.977429272,BEL
1961-12-31,13804.199347658,BEL
1960-12-31,13193.314941361,BEL
2016-12-31,22428.114679829,PRT
2015-12-31,22016.836917757,PRT
2014-12-31,21533.489987632,PRT
2013-12-31,21228.089609945,PRT
2012-12-31,21353.230257394,PRT
2011-12-31,22159.475424944,PRT
2010-12-31,22538.654077348,PRT
2009-12-31,22128.84552019,PRT
2008-12-31,22829.847870905,PRT
2007-12-31,22817.321549183,PRT
2006-12-31,22306.284051793,PRT
2005-12-31,22004.799553993,PRT
2004-12-31,21877.906941982,PRT
2003-12-31,21540.069584947,PRT
2002-12-31,21824.975490123,PRT
2001-12-31,21777.407881923,PRT
2000-12-31,21513.459730186,PRT
1999-12-31,20874.578329461,PRT
1998-12-31,20207.283547333,PRT
1997-12-31,19380.975430628,PRT
1996-12-31,18642.539423436,PRT
1995-12-31,18080.547069871,PRT
1994-12-31,17398.127512222,PRT
1993-12-31,17278.299460034,PRT
1992-12-31,17660.295377923,PRT
1991-12-31,17456.386727169,PRT
1990-12-31,16687.265088922,PRT
1989-12-31,16018.13489671,PRT
1988-12-31,15026.946811873,PRT
1987-12-31,13965.446724704,PRT
1986-12-31,13124.178652521,PRT
1985-12-31,12613.789583381,PRT
1984-12-31,12302.942724487,PRT
1983-12-31,12586.977766372,PRT
1982-12-31,12667.44163342,PRT
1981-12-31,12478.652886101,PRT
1980-12-31,12386.890619477,PRT
1979-12-31,11972.131532026,PRT
1978-12-31,11455.210247431,PRT
1977-12-31,11262.332703652,PRT
1976-12-31,10778.663067104,PRT
1975-12-31,10373.803276488,PRT
1974-12-31,11265.41683074,PRT
1973-12-31,11294.575491841,PRT
1972-12-31,10160.073312861,PRT
1971-12-31,9391.6069294462,PRT
1970-12-31,8770.3105714128,PRT
1969-12-31,7719.3183173666,PRT
1968-12-31,7491.4804430031,PRT
1967-12-31,6851.4143381971,PRT
1966-12-31,6330.4905874418,PRT
1965-12-31,6036.7571388044,PRT
1964-12-31,5594.3488897873,PRT
1963-12-31,5265.1803763893,PRT
1962-12-31,4993.1868626529,PRT
1961-12-31,4717.324194984,PRT
1960-12-31,4506.0504259528,PRT
2016-12-31,31532.816377945,ESP
2015-12-31,30530.566662431,ESP
2014-12-31,29496.378933678,ESP
2013-12-31,29008.020983897,ESP
2012-12-31,29414.856920741,ESP
2011-12-31,30321.704868899,ESP
2010-12-31,30736.627853081,ESP
2009-12-31,30874.126012677,ESP
2008-12-31,32303.241480606,ESP
2007-12-31,32459.917375867,ESP
2006-12-31,31865.369166663,ESP
2005-12-31,31110.014128239,ESP
2004-12-31,30504.35743061,ESP
2003-12-31,30082.626478761,ESP
2002-12-31,29685.363949467,ESP
2001-12-31,29264.881452913,ESP
2000-12-31,28335.001833327,ESP
1999-12-31,27032.220713912,ESP
1998-12-31,25977.000983016,ESP
1997-12-31,25007.89436668,ESP
1996-12-31,24219.327584894,ESP
1995-12-31,23686.843485455,ESP
1994-12-31,23153.172795544,ESP
1993-12-31,22722.154679239,ESP
1992-12-31,23078.336092364,ESP
1991-12-31,22978.125019002,ESP
1990-12-31,22464.732915399,ESP
1989-12-31,21668.25805001,ESP
1988-12-31,20702.919182787,ESP
1987-12-31,19741.189229147,ESP
1986-12-31,18752.240533953,ESP
1985-12-31,18215.736203743,ESP
1984-12-31,17867.090453674,ESP
1983-12-31,17626.854552996,ESP
1982-12-31,17404.853102393,ESP
1981-12-31,17294.100112127,ESP
1980-12-31,17440.581376961,ESP
1979-12-31,17201.257625577,ESP
1978-12-31,17346.364837735,ESP
1977-12-31,17261.656997834,ESP
1976-12-31,16958.830442959,ESP
1975-12-31,16590.8824113,ESP
1974-12-31,16680.808070351,ESP
1973-12-31,15966.916334018,ESP
1972-12-31,14977.779903375,ESP
1971-12-31,14002.872852963,ESP
1970-12-31,13542.982768776,ESP
1969-12-31,13130.818421526,ESP
1968-12-31,12176.30755939,ESP
1967-12-31,11573.09776446,ESP
1966-12-31,11229.026186585,ESP
1965-12-31,10578.109145239,ESP
1964-12-31,10064.264806206,ESP
1963-12-31,9652.3743060407,ESP
1962-12-31,8884.7748093048,ESP
1961-12-31,8155.1745418389,ESP
1960-12-31,7359.9677893915,ESP
2016-12-31,45745.789903694,DEU
2015-12-31,45412.556808231,DEU
2014-12-31,45022.565348642,DEU
2013-12-31,44354.736886527,DEU
2012-12-31,44259.259905398,DEU
2011-12-31,44125.33141165,DEU
2010-12-31,41785.556912554,DEU
2009-12-31,40086.104759442,DEU
2008-12-31,42365.097495581,DEU
2007-12-31,41831.86708831,DEU
2006-12-31,40456.857380277,DEU
2005-12-31,38969.321698063,DEU
2004-12-31,38673.888113205,DEU
2003-12-31,38218.349645593,DEU
2002-12-31,38512.920041102,DEU
2001-12-31,38577.72562933,DEU
2000-12-31,37998.425311999,DEU
1999-12-31,36955.2896071,DEU
1998-12-31,36258.674431708,DEU
1997-12-31,35560.209285945,DEU
1996-12-31,34965.690886471,DEU
1995-12-31,34782.568625305,DEU
1994-12-31,34289.124749287,DEU
1993-12-31,33583.006035725,DEU
1992-12-31,34130.852397553,DEU
1991-12-31,33742.219217105,DEU
1990-12-31,32337.10102262,DEU
1989-12-31,30988.589460293,DEU
1988-12-31,30057.941478281,DEU
1987-12-31,29096.910184917,DEU
1986-12-31,28738.682611765,DEU
1985-12-31,28108.893012879,DEU
1984-12-31,27408.099813402,DEU
1983-12-31,26563.64493614,DEU
1982-12-31,26083.952145012,DEU
1981-12-31,26162.454627436,DEU
1980-12-31,26064.389313911,DEU
1979-12-31,25755.657806877,DEU
1978-12-31,24740.236526927,DEU
1977-12-31,23996.772912163,DEU
1976-12-31,23167.059261497,DEU
1975-12-31,21980.087889773,DEU
1974-12-31,22089.748966184,DEU
1973-12-31,21903.403507481,DEU
1972-12-31,20970.626432632,DEU
1971-12-31,20202.433743006,DEU
1970-12-31,19624.74975903,DEU
2016-12-31,69632.268574135,IRL
2015-12-31,67590.370360067,IRL
2014-12-31,54527.29072062,IRL
2013-12-31,50542.409847235,IRL
2012-12-31,49851.023053929,IRL
2011-12-31,49942.511054096,IRL
2010-12-31,48671.888119346,IRL
2009-12-31,48071.729728134,IRL
2008-12-31,50918.348600038,IRL
2007-12-31,54096.271703614,IRL
2006-12-31,52926.193922425,IRL
2005-12-31,51527.335087587,IRL
2004-12-31,49678.420304001,IRL
2003-12-31,47426.391081894,IRL
2002-12-31,46746.990967084,IRL
2001-12-31,44719.92334122,IRL
2000-12-31,42945.25658618,IRL
1999-12-31,39724.030612451,IRL
1998-12-31,36318.135847469,IRL
1997-12-31,33823.85096656,IRL
1996-12-31,30977.208033019,IRL
1995-12-31,28961.601886264,IRL
1994-12-31,26552.306536526,IRL
1993-12-31,25206.345352506,IRL
1992-12-31,24668.427932173,IRL
1991-12-31,24033.789876621,IRL
1990-12-31,23714.755485134,IRL
1989-12-31,21882.125967071,IRL
1988-12-31,20598.036201978,IRL
1987-12-31,19493.093922948,IRL
1986-12-31,18626.542357652,IRL
1985-12-31,18715.170621126,IRL
1984-12-31,18184.062463811,IRL
1983-12-31,17533.621182969,IRL
1982-12-31,17701.610762175,IRL
1981-12-31,17470.817503282,IRL
1980-12-31,17107.740188391,IRL
1979-12-31,16788.774795098,IRL
1978-12-31,16506.689845503,IRL
1977-12-31,15619.990792947,IRL
1976-12-31,14631.526836438,IRL
1975-12-31,14649.677637786,IRL
1974-12-31,14095.384557076,IRL
1973-12-31,13745.264555687,IRL
1972-12-31,13337.765846343,IRL
1971-12-31,12712.458209466,IRL
1970-12-31,12323.690541282,IRL
2016-12-31,52304.298020626,NLD
2015-12-31,51410.489301743,NLD
2014-12-31,50497.236798674,NLD
2013-12-31,49969.850270252,NLD
2012-12-31,50212.964114136,NLD
2011-12-31,50937.552937631,NLD
2010-12-31,50338.254827372,NLD
2009-12-31,49897.225168326,NLD
2008-12-31,52118.092555447,NLD
2007-12-31,51447.259586008,NLD
2006-12-31,49720.394858048,NLD
2005-12-31,48107.585489724,NLD
2004-12-31,47200.424693034,NLD
2003-12-31,46422.024850388,NLD
2002-12-31,46509.517137553,NLD
2001-12-31,46758.876750027,NLD
2000-12-31,46133.176346003,NLD
1999-12-31,44574.688462432,NLD
1998-12-31,42714.513014144,NLD
1997-12-31,41117.963290655,NLD
1996-12-31,39626.292664383,NLD
1995-12-31,38438.553843513,NLD
1994-12-31,37461.566161372,NLD
1993-12-31,36604.233481752,NLD
1992-12-31,36402.472894234,NLD
1991-12-31,36063.47085056,NLD
1990-12-31,35483.299495835,NLD
1989-12-31,34293.892137765,NLD
1988-12-31,33039.841990414,NLD
1987-12-31,32147.728555324,NLD
1986-12-31,31739.396450657,NLD
1985-12-31,31050.652157797,NLD
1984-12-31,30411.125990635,NLD
1983-12-31,29625.053681736,NLD
1982-12-31,29134.539123245,NLD
1981-12-31,29636.157847707,NLD
1980-12-31,30075.852653154,NLD
1979-12-31,29913.384660734,NLD
1978-12-31,29525.885359438,NLD
1977-12-31,28928.133803529,NLD
1976-12-31,28385.22767886,NLD
1975-12-31,27388.414171349,NLD
1974-12-31,27633.082505832,NLD
1973-12-31,26924.624194561,NLD
1972-12-31,25746.601534683,NLD
1971-12-31,25120.536640727,NLD
1970-12-31,24369.030257051,NLD
1969-12-31,23343.461730434,NLD
1968-12-31,22188.729832729,NLD
1967-12-31,21068.582488382,NLD
1966-12-31,20240.002507696,NLD
1965-12-31,19958.808761293,NLD
1964-12-31,18624.896988738,NLD
1963-12-31,17433.154651688,NLD
1962-12-31,17051.769433058,NLD
1961-12-31,16188.541846777,NLD
1960-12-31,16354.540031089,NLD
2016-12-31,14718.027733046,LVA
2015-12-31,14294.043729996,LVA
2014-12-31,13786.428495383,LVA
2013-12-31,13400.906116325,LVA
2012-12-31,12924.726159227,LVA
2011-12-31,12270.340621531,LVA
2010-12-31,11326.219474624,LVA
2009-12-31,11547.990767554,LVA
2008-12-31,13270.000413405,LVA
2007-12-31,13614.256369378,LVA
2006-12-31,12278.307035825,LVA
2005-12-31,10873.414285119,LVA
2004-12-31,9717.109046323,LVA
2003-12-31,8872.1031992335,LVA
2002-12-31,8103.5876366291,LVA
2001-12-31,7478.7631046752,LVA
2000-12-31,6934.7229263876,LVA
1999-12-31,6515.8927228238,LVA
1998-12-31,6298.1260998312,LVA
1997-12-31,5857.0365820207,LVA
1996-12-31,5321.3967903899,LVA
1995-12-31,5140.528159292,LVA
1994-12-31,3290.0105179524,LVA
1993-12-31,3166.0656535357,LVA
1992-12-31,3267.040496736,LVA
1991-12-31,4747.0542305216,LVA
1990-12-31,5405.4805252303,LVA
1989-12-31,5863.5443034062,LVA
1988-12-31,5576.3777184225,LVA
1987-12-31,5360.1984207381,LVA
1986-12-31,5291.5009549493,LVA
1985-12-31,5094.7506705302,LVA
1984-12-31,5147.5368000106,LVA
1983-12-31,4898.1271844161,LVA
1982-12-31,4682.6136021459,LVA
1981-12-31,4596.259297993,LVA
1980-12-31,4423.2144185529,LVA
1979-12-31,4259.4678676891,LVA
1978-12-31,4146.9409336466,LVA
1977-12-31,4035.8241147866,LVA
1976-12-31,3932.921241134,LVA
1975-12-31,3746.169469319,LVA
1974-12-31,3532.4269998974,LVA
1973-12-31,3398.3104883697,LVA
1972-12-31,3239.4019009758,LVA
1971-12-31,3106.1685287956,LVA
1970-12-31,2904.1079984511,LVA
1969-12-31,2706.8024897857,LVA
1968-12-31,2610.3167726757,LVA
1967-12-31,2466.220178119,LVA
1966-12-31,2225.0535138678,LVA
1965-12-31,2152.7363337238,LVA
2016-12-31,1770.2579063809,VNM
2015-12-31,1684.6914902371,VNM
2014-12-31,1596.34569484,VNM
2013-12-31,1522.4858848574,VNM
2012-12-31,1459.6373662091,VNM
2011-12-31,1401.8418086487,VNM
2010-12-31,1333.5835239668,VNM
2009-12-31,1266.3135086382,VNM
2008-12-31,1214.2524579254,VNM
2007-12-31,1161.47157287,VNM
2006-12-31,1095.9824522629,VNM
2005-12-31,1035.9221700918,VNM
2004-12-31,974.52914570601,VNM
2003-12-31,917.14477001812,VNM
2002-12-31,867.98242979,VNM
2001-12-31,825.90451325272,VNM
2000-12-31,787.65415089241,VNM
1999-12-31,747.55036010536,VNM
1998-12-31,724.27450274678,VNM
1997-12-31,695.39220994248,VNM
1996-12-31,653.08538478422,VNM
1995-12-31,606.93136353889,VNM
1994-12-31,563.23129171904,VNM
1993-12-31,526.25835112494,VNM
1992-12-31,495.44518681982,VNM
1991-12-31,464.2079388913,VNM
1990-12-31,446.22772398753,VNM
1989-12-31,432.71617925808,VNM
1988-12-31,412.66088939272,VNM
1987-12-31,402.1228607,VNM
1986-12-31,397.88304080269,VNM
1985-12-31,396.16683622833,VNM
1984-12-31,389.42152298155,VNM
