ECONOMIST/BIGMAC_AUS,Big Mac Index - Australia
ECONOMIST/BIGMAC_BRA,Big Mac Index - Brazil
ECONOMIST/BIGMAC_GBR,Big Mac Index - Britain
ECONOMIST/BIGMAC_CHL,Big Mac Index - Chile
ECONOMIST/BIGMAC_ARG,Big Mac Index - Argentina
ECONOMIST/BIGMAC_EUR,Big Mac Index - Euro area
ECONOMIST/BIGMAC_CAN,Big Mac Index - Canada
ECONOMIST/BIGMAC_HKG,Big Mac Index - Hong Kong
ECONOMIST/BIGMAC_HUN,Big Mac Index - Hungary
ECONOMIST/BIGMAC_CHN,Big Mac Index - China
ECONOMIST/BIGMAC_COL,Big Mac Index - Colombia
ECONOMIST/BIGMAC_CRI,Big Mac Index - Costa Rica
ECONOMIST/BIGMAC_CZE,Big Mac Index - Czech Republic
ECONOMIST/BIGMAC_DNK,Big Mac Index - Denmark
ECONOMIST/BIGMAC_EGY,Big Mac Index - Egypt
ECONOMIST/BIGMAC_MEX,Big Mac Index - Mexico
ECONOMIST/BIGMAC_NZL,Big Mac Index - New Zealand
ECONOMIST/BIGMAC_IND,Big Mac Index - India
ECONOMIST/BIGMAC_PAK,Big Mac Index - Pakistan
ECONOMIST/BIGMAC_IDN,Big Mac Index - Indonesia
ECONOMIST/BIGMAC_ISR,Big Mac Index - Israel
ECONOMIST/BIGMAC_JPN,Big Mac Index - Japan
ECONOMIST/BIGMAC_LTU,Big Mac Index - Lithuania
ECONOMIST/BIGMAC_RUS,Big Mac Index - Russia
ECONOMIST/BIGMAC_MYS,Big Mac Index - Malaysia
ECONOMIST/BIGMAC_NOR,Big Mac Index - Norway
ECONOMIST/BIGMAC_ZAF,Big Mac Index - South Africa
ECONOMIST/BIGMAC_KOR,Big Mac Index - South Korea
ECONOMIST/BIGMAC_PER,Big Mac Index - Peru
ECONOMIST/BIGMAC_PHL,Big Mac Index - Philippines
ECONOMIST/BIGMAC_POL,Big Mac Index - Poland
ECONOMIST/BIGMAC_ROC,Big Mac Index - Taiwan
ECONOMIST/BIGMAC_SAU,Big Mac Index - Saudi Arabia
ECONOMIST/BIGMAC_THA,Big Mac Index - Thailand
ECONOMIST/BIGMAC_SIN,Big Mac Index - Singapore
ECONOMIST/BIGMAC_TUR,Big Mac Index - Turkey
ECONOMIST/BIGMAC_UAE,Big Mac Index - UAE
ECONOMIST/BIGMAC_UKR,Big Mac Index - Ukraine
ECONOMIST/BIGMAC_USA,Big Mac Index - United States
ECONOMIST/BIGMAC_LKA,Big Mac Index - Sri Lanka
ECONOMIST/BIGMAC_SWE,Big Mac Index - Sweden
ECONOMIST/BIGMAC_VEN,Big Mac Index - Venezuela
ECONOMIST/BIGMAC_CHE,Big Mac Index - Switzerland
ECONOMIST/BIGMAC_AUT,Big Mac Index - Austria
ECONOMIST/BIGMAC_EST,Big Mac Index - Estonia
ECONOMIST/BIGMAC_FIN,Big Mac Index - Finland
ECONOMIST/BIGMAC_FRA,Big Mac Index - France
ECONOMIST/BIGMAC_GRC,Big Mac Index - Greece
ECONOMIST/BIGMAC_URY,Big Mac Index - Uruguay
ECONOMIST/BIGMAC_ITA,Big Mac Index - Italy
ECONOMIST/BIGMAC_BEL,Big Mac Index - Belgium
ECONOMIST/BIGMAC_PRT,Big Mac Index - Portugal
ECONOMIST/BIGMAC_ESP,Big Mac Index - Spain
ECONOMIST/BIGMAC_DEU,Big Mac Index - Germany
ECONOMIST/BIGMAC_IRL,Big Mac Index - Ireland
ECONOMIST/BIGMAC_NLD,Big Mac Index - Netherlands
ECONOMIST/BIGMAC_LVA,Big Mac Index - Latvia
ECONOMIST/BIGMAC_VNM,Big Mac Index - Vietnam
